Region_name,SIC07_description,slope_ols,se_ols,slope_median,slope_sd,se_combined
North East,Agriculture and hunting,0.005478572484155907,0.012536371302785121,0.0038224866755921425,0.015087375229288384,0.019616052017433043
North East,Forestry and logging,-0.05374999815828859,0.012009575522276978,-0.05226195257042515,0.011877545756488712,0.01689100344629523
North East,Fishing and aquaculture,-0.017053970041971525,0.015860612249621053,-0.018593957232970422,0.016750527715631333,0.02306814252784482
North East,"Mining and quarrying, excluding support activities",-0.10474538749274338,0.012073365504788963,-0.10474538749274338,0,0.012073365504788963
North East,Mining support service activities,-0.21914706339215936,0.04994387388570013,-0.2241992027550026,0.016385983995550035,0.052563209664299816
North East,Manufacture of food products,-0.012791981686793467,0.0069418061228366775,-0.01358400608660739,0.00645510922558084,0.009479298885531126
North East,Manufacture of beverages and tobacco products,0.08839996847522172,0.030569230389023722,0.08839996847522172,0,0.030569230389023722
North East,Manufacture of textiles,0.02718399741249315,0.014927473770029002,0.027485667932183398,0.008492186307753594,0.017174012386175268
North East,Manufacture of wearing apparel,0.05856850022850552,0.01947062866084309,0.06017916252286115,0.013209996558103685,0.023528905404067473
North East,Manufacture of leather products,0.009306551843373947,0.011188124015070548,0.012006081688372906,0.014060686990007709,0.017968779524708135
North East,"Manufacture of wood products, except furniture",0.023441292118010035,0.01976713783557583,0.025118278748103066,0.013323918910184675,0.023838342084461964
North East,Manufacture of paper products,-0.007536441031938458,0.00994425181840441,-0.006599295452646784,0.008671375686008138,0.01319397212804895
North East,Printing and reproduction of recorded media,-0.015306693815361866,0.019673790779703826,-0.013755842783888177,0.016522696881866143,0.02569158531296947
North East,"Manufacture of coke, refined petroleum and chemicals",-0.024351849195905134,0.02170152473816657,-0.024573552016963186,0.0058590221890232495,0.022478530133723654
North East,Manufacture of pharmaceutical products,0.09344494872499812,0.01813376333459397,0.09308256681072508,0.011761806347183537,0.021614195826440353
North East,Manufacture of rubber and plastic products,-0.023135365237931572,0.01462689044804162,-0.023205642204815337,0.01049479289126697,0.01800240545065017
North East,Manufacture of other non-metallic mineral products,-0.05899923728739201,0.008172857473374543,-0.059451597913679724,0.011038995476479888,0.01373517456786908
North East,Manufacture of basic metals,-0.07429418643591713,0.02500853846006628,-0.07581384329075577,0.009105368657659136,0.026614558690695882
North East,Manufacture of fabricated metal products,0.0011157459419849686,0.01037785353577228,0.0018123097839638407,0.007110677420034375,0.012580205776605083
North East,"Manufacture of computer, electronic and optical products",0.03956137665178351,0.019948559457495626,0.046346054166500575,0.027048182215814863,0.0336087664993698
North East,Manufacture of electrical equipment,-0.015045666767910809,0.0175831945645435,-0.015289369821110132,0.007810904843390109,0.019240035487677436
North East,Manufacture of machinery and equipment,-0.05513723015913871,0.0061111351941553595,-0.05530345021021475,0.004319694156181955,0.0074836976799037514
North East,Manufacture of motor vehicles,0.03105318796743586,0.00961953640625131,0.03117690203609371,0.003350770726653584,0.010186419642533532
North East,Manufacture of other transport equipment,0.03711515686320598,0.02050264254875965,0.045614139764204725,0.015209717246895633,0.02552829509020773
North East,Manufacture of furniture,-0.02102901647444631,0.014311274316861515,-0.020235614038254596,0.017284625522576137,0.022440384400186874
North East,Other manufacturing,-0.032176433823190284,0.011952463145131395,-0.029786682309818617,0.020659563570714842,0.023867948009163503
North East,Repair and installation of machinery and equipment,0.0033669720394288198,0.01709962486707891,7.637770531402912e-5,0.01744014712413018,0.02442449390071634
North East,Water supply,-0.01269677460588834,0.005437749657112954,-0.01269677460588834,0,0.005437749657112954
North East,Sewerage activities,-0.046352496611405135,0.03054897002907989,-0.05303053580892293,0.019914244163226815,0.036466651757876466
North East,"Waste collection, treatment and disposal activities",0.03595938011694399,0.011277722629271982,0.039152535370993585,0.020787444261160252,0.0236496271981957
North East,Remediation and other waste management services,0.24274704329545432,0.029649212689499126,0.24217649713533607,0.010600356378157476,0.03148719372143379
North East,Construction of buildings,0.05409878457395018,0.011945516222478192,0.050960731468608134,0.017642986096859086,0.02130657917722722
North East,Civil engineering,-0.012772867488303823,0.012244015332415583,-0.015986394968223502,0.01434295023236661,0.018858317338208447
North East,Specialised construction activities,-0.012615395897721711,0.007738076146965024,-0.013014337701153495,0.011136749428171423,0.01356115814678472
North East,Motor trades,-0.014464725143478886,0.010311795731497401,-0.016989877945954197,0.012982539302201524,0.016579489073591358
North East,Wholesale trade,-0.007182150815161543,0.008032796489221582,-0.00698255532516658,0.0057244622570592285,0.009863837365333342
North East,Retail trade,-0.011378670552352829,0.006151939591386862,-0.011821623924833036,0.0065137850844550794,0.008959673926128262
North East,Land transport,-0.01859047399575006,0.010318581291535157,-0.018248810180259666,0.00882762123289132,0.013579396765004439
North East,Water transport,-0.12175645946191509,0.030504456733561426,-0.12395016641021118,0.02644212532273166,0.0403696404763873
North East,Air transport,-0.04813784429601446,0.0676284604837601,-0.04788944353909061,0.006782883212221231,0.06796775832756392
North East,Warehousing and transport support activities,0.006036398060906344,0.0038529993661019666,0.0056413971776930975,0.007036007433553318,0.008021907798036555
North East,Postal and courier activities,-0.03821325603267555,0.007135371158152477,-0.0380014699328628,0.0029992572817411816,0.0077400946897742615
North East,Accommodation,-6.804058960049516e-4,0.024700741704783258,-5.617306282661329e-4,0.017272409423456026,0.030140716117204504
North East,Food and beverage service activities,-0.0258639265540099,0.00843296749739024,-0.026196652707464314,0.009823775550722263,0.012946872474965091
North East,Publishing activities,-0.05050134000923945,0.019676171535933814,-0.05284703656657963,0.016542984359333653,0.02570645945719966
North East,"Motion picture, video and TV programme production",-0.06614593404973541,0.02633194027585361,-0.05771205430613006,0.013200017727209152,0.02945524650533004
North East,Programming and broadcasting activities,0.042013119058911336,0.019281525946252587,0.056549766558893225,0.035329021252547214,0.04024819232560568
North East,Telecommunications,0.19244479045424467,0.011471854788213668,0.1924569382973928,3.399250402361329e-4,0.011476889879877753
North East,Computer programming and consultancy,0.062433127626307726,0.009013143445511226,0.06207306490364542,0.007765055800174253,0.011896757808293057
North East,Information service activities,-0.10559989953354039,0.022346118222506782,-0.1054708626795307,0.004015958771463849,0.022704116905714417
North East,Legal and accounting activities,0.004098922903800164,0.010077423401306237,0.003560995195250877,0.008789231490630673,0.01337180064931752
North East,Head offices and management consultancy,0.04085557913703249,0.012733933983164657,0.03380895532558286,0.0229498635449209,0.026245938950970778
North East,Architectural and engineering activities,-0.021321420922047394,0.007199913276608553,-0.021532420274555222,0.008238128582166142,0.01094100149561213
North East,Scientific research and development,0.010184562568133241,0.01620512670536284,0.024933215995404906,0.029966397889493936,0.034067449772595695
North East,Advertising and market research,0.019634878533122443,0.008285918318058017,0.02611709164460571,0.020688507858652238,0.022286112262820644
North East,"Other professional, scientific and technical activities",0.00527085066953782,0.014591665560926437,0.004257101168099299,0.02138749337461184,0.025890955499768484
North East,Veterinary activities,0.05435660419848459,0.006772861870092128,0.0586252818800613,0.021971768049078275,0.022991960532191352
North East,Rental and leasing activities,0.023235609681353266,0.0065540113089146805,0.022995554718625404,0.008891748955392133,0.011046187746145663
North East,Employment activities,0.02322254589198776,0.007366850394870385,0.023040967342933295,0.012661312976345564,0.01464852658206205
North East,Travel agency and tour operator activities,-0.011546647670967759,0.020113112849935874,-0.011018929590255466,0.011886232062403499,0.023362787101618775
North East,Security and investigation activities,-0.006470699926634308,0.018586094478270473,-0.00523174094540905,0.013912476756331959,0.023216371754662124
North East,Services to buildings and landscape activities,0.06247264852304467,0.008095401895029695,0.06317021624045369,0.010336190767762118,0.013129065900878905
North East,Office administration and business support activities,-0.0055948273686989005,0.015063021678241884,-0.0057942187169421535,0.011516615717251306,0.018961198792745798
North East,Human health activities,-0.031872751370425695,0.011002695554943622,-0.03540487901579517,0.01769919346876832,0.020840363694515203
North East,Residential care activities,0.008853506678277718,0.006192015640433679,0.010099316111743967,0.00985564969724924,0.011639368051843036
North East,Social work activities,0.014342521956918158,0.008505417063403138,0.016458794595798493,0.016783959852547898,0.01881604176638564
North East,"Creative, arts and entertainment activities",-0.022286625993646916,0.017271649452369454,-0.013307833160521698,0.04019938007888371,0.04375271458472133
North East,"Libraries, archives, museums and other cultural activities",-0.06050383796217667,0.01776142969937321,-0.051876030561468785,0.02118890057480371,0.02764846998542042
North East,Gambling and betting activities,-0.07867056171207802,0.03160997821427709,-0.07859963113690398,0.0015917712064995502,0.031650030936492206
North East,"Sports, amusement and recreation activities",-0.020589491836588338,0.00879221531023469,-0.02179231752739136,0.010882907964075568,0.013990737500791899
North East,Activities of membership organisations,0.04913520256202444,0.011455092467584941,0.07996233423661908,0.05568441391985472,0.05685044500299564
North East,"Repair of computers, personal and household goods",-0.024065451230820302,0.02287079186989885,-0.026435410866573902,0.016752102262936587,0.028349709892415413
North East,Other personal service activities,0.034245689518103195,0.006107577658414425,0.02966754995490356,0.020645154923434675,0.021529629041536737
North West,Agriculture and hunting,-0.006681839009466432,0.013146422453107712,-0.008611505442666947,0.015678350334259458,0.0204606718491683
North West,Forestry and logging,-0.045945336172853485,0.013053552054162603,-0.044609235840759445,0.012266166985263255,0.017912399999472292
North West,Fishing and aquaculture,-0.10189979949417878,0.015691489345981295,-0.1045187288846815,0.01650720150458193,0.022775217658848323
North West,"Mining and quarrying, excluding support activities",0.02751335671884427,0.012578774041517237,0.02751335671884427,0,0.012578774041517237
North West,Mining support service activities,-0.0581274133028669,0.05433742503506394,0.025772983881252265,0.09167884022628721,0.1065718795211865
North West,Manufacture of food products,0.047305406371267046,0.004760521711955933,0.047735772233434344,0.0036757275569788525,0.006014444283816882
North West,Manufacture of beverages and tobacco products,-0.02773047679126062,0.011177711852238634,-0.02773047679126062,0,0.011177711852238634
North West,Manufacture of textiles,0.04930981581103618,0.014576717084647469,0.04859259240516435,0.00693852442905317,0.016143847193851316
North West,Manufacture of wearing apparel,-0.0061977049666152575,0.014810208714919108,-0.007519996984629547,0.010184036822495277,0.017973783357473894
North West,Manufacture of leather products,-0.03322288564106867,0.029466968707474287,-0.03620915598138366,0.016069716136035507,0.03356393930247206
North West,"Manufacture of wood products, except furniture",0.006917376131259539,0.009794316514385004,0.006917807979024826,0.010109055821071994,0.014075569103148347
North West,Manufacture of paper products,0.0013986866145816305,0.006660287308027737,0.002208844787870613,0.007583594909983961,0.01009308371035384
North West,Printing and reproduction of recorded media,-0.009757132574788139,0.009028227238476296,-0.010739387824434975,0.007538005276402998,0.011761394926480649
North West,"Manufacture of coke, refined petroleum and chemicals",0.022183656237512023,0.01669555652474501,0.022672350517430995,0.005873603805732099,0.017698610943734153
North West,Manufacture of pharmaceutical products,-0.04702848604438098,0.009826865195863597,-0.04589746939318476,0.01590276842884538,0.018693991635794553
North West,Manufacture of rubber and plastic products,-0.01757010422426323,0.0033533154182120773,-0.017141163030871466,0.00902988578718653,0.009632422417214277
North West,Manufacture of other non-metallic mineral products,0.014399405730299852,0.008847542948026716,0.01399432362468369,0.0043728910272650915,0.009869204231016442
North West,Manufacture of basic metals,-0.08744374146803147,0.025218785675804163,-0.08766665888158753,0.002322008824685859,0.025325459047055084
North West,Manufacture of fabricated metal products,-0.004263012292503227,0.0033140714893885215,-0.004916789074210013,0.005418652901391733,0.006351761102445439
North West,"Manufacture of computer, electronic and optical products",0.04657861641043626,0.008581008916117076,0.04893134310857947,0.012642466437215448,0.015279583490219876
North West,Manufacture of electrical equipment,0.023485623419986088,0.014694000551529657,0.023808131290449064,0.008299534135627023,0.016875897578404297
North West,Manufacture of machinery and equipment,-0.004785236819568492,0.0074087063403103556,-0.004637884413671443,0.007433737279669645,0.010495207457697305
North West,Manufacture of motor vehicles,0.051010431955693915,0.012662498655109678,0.05095384576630267,0.002048987074452193,0.01282720625163276
North West,Manufacture of other transport equipment,0.04597356121101241,0.004496214809120363,0.04756163871374996,0.010765496537721513,0.0116666989038651
North West,Manufacture of furniture,-0.00770884691188928,0.0062837244434656245,-0.007879445186994825,0.010763007232527572,0.012463046079063022
North West,Other manufacturing,-0.006252038770993621,0.007229442943905626,-0.007496457261714384,0.01827088009265202,0.019649170584003152
North West,Repair and installation of machinery and equipment,0.009435331921798533,0.007170738813185577,0.008777705222422608,0.007287204246490152,0.010223641271924119
North West,Water supply,0.08393903256615766,0.011155226760521478,0.08393903256615766,0,0.011155226760521478
North West,Sewerage activities,0.05019377467867652,0.011968878448150292,0.05006313112103618,0.001600359061865124,0.01207539649177162
North West,"Waste collection, treatment and disposal activities",-0.0015102837676239272,0.0050342924961390865,-8.055912254822807e-4,0.010385388132020067,0.011541247228501155
North West,Remediation and other waste management services,0.0802330563136598,0.018901801893796633,0.08034253535485754,0.012452685267638288,0.02263509410643547
North West,Construction of buildings,0.03753097083836004,0.005636299517681948,0.03758595901446973,0.010748095151407414,0.01213628533105288
North West,Civil engineering,0.009854362260721065,0.0038655301026342703,0.009717445452137149,0.006531369415241842,0.007589539473033148
North West,Specialised construction activities,0.012294366391991052,0.005120919492891133,0.012396884197792448,0.004779404397118242,0.0070047500200839125
North West,Motor trades,0.012305897718228405,0.005313805175637527,0.012305362654687834,0.0057445199468172245,0.007825345670576677
North West,Wholesale trade,0.015766849723485486,0.0031952216323628733,0.014793892456124585,0.008336618945198049,0.008927970470233125
North West,Retail trade,0.008357674703601718,0.003918048682180135,0.008335245300041295,0.0025284606490171635,0.004663069668100809
North West,Land transport,-0.008994891014281652,0.014792788535871078,-0.009665756763674021,0.006193273513080901,0.016036933293957053
North West,Water transport,-0.055309354531896164,0.01574744512686412,-0.0510380778814505,0.016452673557039495,0.022774382432858703
North West,Air transport,-0.05523671424693874,0.08379305916717614,-0.053665304827509884,0.008556411853753967,0.08422878930867368
North West,Warehousing and transport support activities,0.008230135572704656,0.007386912648045348,0.008332039425423538,0.003404444958198135,0.008133678377170628
North West,Postal and courier activities,-0.00551525292321218,0.007062635097267817,-0.005649287387445948,0.0032921597197931958,0.007792248079841145
North West,Accommodation,-0.0032072871333284065,0.01623205336264091,-0.003660045173765193,0.006925968247962572,0.01764790618003756
North West,Food and beverage service activities,-0.005388414609709556,0.011166523316679984,-0.006158645782904989,0.00533612309943675,0.012376003099316848
North West,Publishing activities,0.035136177242985005,0.017845951140738125,0.03574322552523367,0.005678715519637644,0.01872767423014897
North West,"Motion picture, video and TV programme production",-0.006189645049839094,0.009138863525002604,-0.003898855342991193,0.015644691930621766,0.01811836670709269
North West,Programming and broadcasting activities,0.009118764509065864,0.01003800570667017,0.009118764509065864,0,0.01003800570667017
North West,Telecommunications,0.20814270758075978,0.012277571529269855,0.20819638532673762,0.0012231901187499743,0.012338353079846001
North West,Computer programming and consultancy,0.027149911129030466,0.003068309508673288,0.02704496964086227,0.005299011431287587,0.006123238145779686
North West,Information service activities,-0.05727747265356717,0.00829062466930323,-0.05947044932040042,0.015048072286652227,0.017180772303699566
North West,Legal and accounting activities,0.06450483674390692,0.01155225919731623,0.0643940456184817,0.0025895682370039312,0.011838942360535296
North West,Head offices and management consultancy,0.02373881248189834,0.00880706240744314,0.022127625771557403,0.008845054019762872,0.012481960136978545
North West,Architectural and engineering activities,0.016412691207791104,0.004943870574612672,0.016321029313286307,0.00468603811107292,0.006811813960829295
North West,Scientific research and development,-0.08510708620910644,0.009816836777405927,-0.08795384698727671,0.011659839616274703,0.015242117444485151
North West,Advertising and market research,9.480353559962947e-4,0.010108323095514349,-2.267893638153809e-4,0.00887812930032923,0.013453600844259993
North West,"Other professional, scientific and technical activities",0.04316711219352682,0.008380328187392882,0.042654773436475724,0.012021040732581022,0.014653850034130406
North West,Veterinary activities,0.10198205334101286,0.01153490343396146,0.10856540810673918,0.022894841354677228,0.02563645369169953
North West,Rental and leasing activities,8.775845029383177e-4,0.011196988769876879,0.0011272118354008888,0.007116850524836871,0.01326733277285302
North West,Employment activities,0.024470647773929485,0.010730436386663416,0.024817314875013145,0.0080509632543891,0.013414927296551173
North West,Travel agency and tour operator activities,0.0036402719822418504,0.03447293823669715,0.0033372367030647734,0.01402327470616374,0.03721606782232196
North West,Security and investigation activities,0.029463641357039234,0.009692768586782556,0.03137650798990543,0.01435836439846566,0.017323752222773357
North West,Services to buildings and landscape activities,0.03789558915466194,0.00630074416975722,0.03699639805900869,0.007703560139750834,0.009952096056584637
North West,Office administration and business support activities,0.04331907610004863,0.004401689756857215,0.042803229470407184,0.008065761340366673,0.009188654891515696
North West,Human health activities,-0.0034628494654358093,0.01162680102739866,-0.001265161282152153,0.01039104602369807,0.015593471056738138
North West,Residential care activities,-0.003458608754942854,0.006478789991770373,-0.0026927364880406437,0.005925808127620322,0.008780086658048143
North West,Social work activities,-0.012656028817446388,0.006631079749722028,-0.012135062245399442,0.00961029288920797,0.011675998803679916
North West,"Creative, arts and entertainment activities",0.005824800007777375,0.029110634143666013,0.0016628739557684792,0.030221721085639263,0.041961666382837395
North West,"Libraries, archives, museums and other cultural activities",0.01430280166102911,0.011470766737430879,0.028039515859305815,0.031275867557876993,0.03331303620270019
North West,Gambling and betting activities,-0.059529267880970016,0.012884672482209461,-0.05919434556007598,0.0028877981858332928,0.013204323660676748
North West,"Sports, amusement and recreation activities",-0.02423855874770711,0.009564222588247014,-0.024353762424284133,0.006088234475488371,0.01133759025305023
North West,Activities of membership organisations,0.03213741790384403,0.010699263198482922,0.1100169866060473,0.07590407087851074,0.07665443371991207
North West,"Repair of computers, personal and household goods",-0.035843302026549,0.017887898264435546,-0.03493708695833386,0.00958046807950646,0.02029192629942358
North West,Other personal service activities,0.009555104700789638,0.005680252173746481,0.0075537749208367255,0.011573266254855021,0.01289208115717232
Yorkshire and The Humber,Agriculture and hunting,0.004823955846619911,0.010074392410224687,0.0034837919132321062,0.01447173263216838,0.017633049305555745
Yorkshire and The Humber,Forestry and logging,-0.057136867609807296,0.009241008440487761,-0.05635386578440652,0.01189104647324247,0.01505965548164958
Yorkshire and The Humber,Fishing and aquaculture,-0.018736150686581854,0.01726690078371251,-0.02092105107047973,0.014358156653023214,0.022456681080411826
Yorkshire and The Humber,"Mining and quarrying, excluding support activities",-0.012931763871916437,0.01476863990189563,-0.012931763871916437,0,0.01476863990189563
Yorkshire and The Humber,Mining support service activities,-0.17438044732132044,0.051049203500769386,-0.16391401712664655,0.07459211612654856,0.09038807977991054
Yorkshire and The Humber,Manufacture of food products,0.021884316974296894,0.004300212515775804,0.021734106074692186,0.004596758891579661,0.006294602448777171
Yorkshire and The Humber,Manufacture of beverages and tobacco products,0.03250514852925177,0.013304211332782976,0.03250514852925177,0,0.013304211332782976
Yorkshire and The Humber,Manufacture of textiles,0.042695596966901464,0.012893047940084392,0.042594262513386466,0.006639096670021878,0.01450200985309312
Yorkshire and The Humber,Manufacture of wearing apparel,0.0021929411420138815,0.017447037533686097,0.002986693381897215,0.00980688547024229,0.02001434788666123
Yorkshire and The Humber,Manufacture of leather products,-0.0029023602855857665,0.014977742358431871,-0.005004478675848237,0.01948255714553274,0.024574433850742382
Yorkshire and The Humber,"Manufacture of wood products, except furniture",0.05150396761463389,0.010346324673584513,0.05129009340095336,0.009279365801615171,0.013897951789073413
Yorkshire and The Humber,Manufacture of paper products,-0.02439313073468437,0.01391041550068669,-0.02371399699008608,0.005908478551636182,0.015113231891190229
Yorkshire and The Humber,Printing and reproduction of recorded media,-0.004272921961749613,0.0052878704390270015,-0.0038535013747085503,0.009725220937793877,0.011069846253170819
Yorkshire and The Humber,"Manufacture of coke, refined petroleum and chemicals",0.05911624247128584,0.015015951986612965,0.06437510676310516,0.018289801261278223,0.023664227100019985
Yorkshire and The Humber,Manufacture of pharmaceutical products,0.004880689751590693,0.014148877429280999,0.0023258285820772972,0.018257382198080218,0.023098111118348915
Yorkshire and The Humber,Manufacture of rubber and plastic products,-8.32377036490615e-6,0.009340267392634102,2.974467399462188e-4,0.009191503841153567,0.013104363312570536
Yorkshire and The Humber,Manufacture of other non-metallic mineral products,0.0023142367586209,0.007846723420938367,0.0023889517700849865,0.0036791458435883363,0.008666440017856008
Yorkshire and The Humber,Manufacture of basic metals,-0.07794416474446032,0.020533639816998055,-0.07768132251311353,0.005305513473924655,0.021207989941439617
Yorkshire and The Humber,Manufacture of fabricated metal products,0.03211729835538557,0.004841600767683426,0.03233677861355796,0.00472003787663613,0.006761645920226262
Yorkshire and The Humber,"Manufacture of computer, electronic and optical products",0.030524868738266854,0.010564291683230396,0.03310456923713008,0.022785452642120493,0.0251153560770037
Yorkshire and The Humber,Manufacture of electrical equipment,0.007029951939059912,0.015668866176510626,0.007212131074554709,0.006562997135822452,0.016987827955986967
Yorkshire and The Humber,Manufacture of machinery and equipment,0.008993253737671162,0.007797776542665395,0.009505743692710808,0.004464563773332897,0.008985413106557715
Yorkshire and The Humber,Manufacture of motor vehicles,0.019437200105665426,0.012002422189863677,0.019688999167216364,0.007145107284052054,0.013968203052803382
Yorkshire and The Humber,Manufacture of other transport equipment,-0.06352511208551671,0.013785012522574426,-0.06137314675750694,0.014857720627857942,0.020267669636714752
Yorkshire and The Humber,Manufacture of furniture,0.048663018564276246,0.006446899388547091,0.04842156400530437,0.007498381879173228,0.009888793785490842
Yorkshire and The Humber,Other manufacturing,-0.013280891303151347,0.007152517443914708,-0.011026635464403108,0.01711736146082207,0.01855161904432982
Yorkshire and The Humber,Repair and installation of machinery and equipment,0.03150884849792073,0.007587994290558994,0.03204885360597127,0.006498834448667634,0.009990620928888506
Yorkshire and The Humber,Water supply,-0.02208914678320794,0.014498159171508039,-0.022090496715432957,1.6648127412943636e-4,0.014499114985992021
Yorkshire and The Humber,Sewerage activities,-0.017962345931535832,0.022744490124074666,-0.023492679446851863,0.017571569385358494,0.02874146624075741
Yorkshire and The Humber,"Waste collection, treatment and disposal activities",0.0785723355561526,0.009071494986652386,0.07919797259657405,0.012926733216683209,0.0157921642895507
Yorkshire and The Humber,Remediation and other waste management services,0.07458625854586676,0.024596554632348264,0.0739621944340991,0.012246796712085858,0.02747679984076111
Yorkshire and The Humber,Construction of buildings,0.03179355126721419,0.009632654384678392,0.031961217446696166,0.015635602728151732,0.01836464274542932
Yorkshire and The Humber,Civil engineering,0.009585005334531337,0.007141719471618796,0.01030148580995971,0.008464465806624969,0.011074806472477177
Yorkshire and The Humber,Specialised construction activities,0.00877715778055952,0.006262702101558895,0.008320324779127778,0.0067543144647885965,0.009210982656705129
Yorkshire and The Humber,Motor trades,-0.0017529567158401245,0.011267439991136044,-0.0017110721776806693,0.006736640803497357,0.013127739076824971
Yorkshire and The Humber,Wholesale trade,0.0071954518393500784,0.005980906785633964,0.006936947705869815,0.004670816364868945,0.0075886607179903596
Yorkshire and The Humber,Retail trade,0.0033907410884146767,0.004812284631973829,0.003247739461660854,0.0031483913606205776,0.005750691396585439
Yorkshire and The Humber,Land transport,-0.020518095197263504,0.007405689869755188,-0.020522868185750637,0.0054466993732498825,0.009192974301582448
Yorkshire and The Humber,Water transport,-0.10705108608836174,0.0245253790010676,-0.10509420071319561,0.013528801662944368,0.028009332187349523
Yorkshire and The Humber,Air transport,-0.05271271075558151,0.09261754421618311,-0.05098159248703395,0.010469695094876712,0.09320742466143092
Yorkshire and The Humber,Warehousing and transport support activities,0.0040272928424244445,0.00359988907158419,0.004427495983554028,0.004424278479110322,0.005703809375183398
Yorkshire and The Humber,Postal and courier activities,-0.03105498163213233,0.00839951400806685,-0.030663617730767034,0.0060853689453492085,0.010372249070126101
Yorkshire and The Humber,Accommodation,-0.022491008068906942,0.02040991965113473,-0.023032187656981146,0.0069948621182029476,0.02157528484675107
Yorkshire and The Humber,Food and beverage service activities,0.009523663921985788,0.009486182745556314,0.008710281457745744,0.008011153226520138,0.01241636980364528
Yorkshire and The Humber,Publishing activities,-0.0767754993412329,0.006502658344852075,-0.07708993404024289,0.008694560589820563,0.010857253308269787
Yorkshire and The Humber,"Motion picture, video and TV programme production",-7.412749804830128e-4,0.021714365285923253,0.022574720858049485,0.05034060291923263,0.054824173154206
Yorkshire and The Humber,Programming and broadcasting activities,0.043392588337656655,0.015655124544934697,0.06273443413943522,0.040109661367555664,0.043056565812166256
Yorkshire and The Humber,Telecommunications,0.22627381744726696,0.01256249364068532,0.22615863785292917,0.0019117724441173748,0.01270712872171938
Yorkshire and The Humber,Computer programming and consultancy,0.05218534119500616,0.010817482510634887,0.050905286394420574,0.008562527432041276,0.013796188020331957
Yorkshire and The Humber,Information service activities,-0.008556125458777496,0.018229854706428184,-0.007109079561421698,0.014846578697645961,0.023510604025479154
Yorkshire and The Humber,Legal and accounting activities,0.014373939706354307,0.003318651203293305,0.013882874954475575,0.004959969138277702,0.005967808614708363
Yorkshire and The Humber,Head offices and management consultancy,0.06147818698092049,0.0047560187764073315,0.061627928289334194,0.00883616103538186,0.010034812227677194
Yorkshire and The Humber,Architectural and engineering activities,0.012685609135957189,0.00534383586333629,0.011838035040621994,0.006423267999975063,0.008355534305703183
Yorkshire and The Humber,Scientific research and development,0.03210358875799306,0.013527911330426372,0.029004004151812413,0.023295186010465468,0.02693826416505088
Yorkshire and The Humber,Advertising and market research,0.013040016715972071,0.016023054969549363,0.015591633282406744,0.016230592795374258,0.02280724518758141
Yorkshire and The Humber,"Other professional, scientific and technical activities",0.04452003493933312,0.010054127945446516,0.04104542050547229,0.017488190203135946,0.020172314823154746
Yorkshire and The Humber,Veterinary activities,0.04870066529516441,0.010001356221130481,0.04835424178702225,0.01296071529868378,0.016370927503213773
Yorkshire and The Humber,Rental and leasing activities,0.0089714782992235,0.012122855778404959,0.008697550853570608,0.0062828773062688055,0.013654236685718982
Yorkshire and The Humber,Employment activities,0.05970726250081253,0.007798677626606162,0.0598538520713366,0.006370330356177198,0.010069780611838584
Yorkshire and The Humber,Travel agency and tour operator activities,0.010315250256662346,0.041630936866007544,0.01671754316821608,0.02438836272222438,0.04824859729165491
Yorkshire and The Humber,Security and investigation activities,0.025422591948807412,0.007503867091418458,0.025282903888882755,0.014472336914403604,0.01630204150067353
Yorkshire and The Humber,Services to buildings and landscape activities,0.03920380965805825,0.006402366229685084,0.03908571136597651,0.007458800956161273,0.00982975101630984
Yorkshire and The Humber,Office administration and business support activities,0.009493620376344205,0.013148900598231072,0.010706427735120712,0.012640805575607162,0.01823961492308603
Yorkshire and The Humber,Human health activities,-0.02857495660050681,0.011672808966271512,-0.02903219875796384,0.011273230593766769,0.016227760079053043
Yorkshire and The Humber,Residential care activities,0.00914582679968563,0.007830482713758262,0.009533983510497352,0.00509614997095748,0.009342762121394127
Yorkshire and The Humber,Social work activities,0.0316410088504271,0.007010389362779167,0.03240203487885479,0.01181345639896582,0.01373693237619061
Yorkshire and The Humber,"Creative, arts and entertainment activities",-0.021473614560886617,0.028246124063017033,-0.01140181158899159,0.04420585662283131,0.05245952043568134
Yorkshire and The Humber,"Libraries, archives, museums and other cultural activities",-0.01897329869701703,0.016871999035733675,-0.022228992617495325,0.02621919702025969,0.03117868893730127
Yorkshire and The Humber,Gambling and betting activities,-0.046592711476920116,0.011533535351694811,-0.046259069668097806,0.003941713387220469,0.012188500405537468
Yorkshire and The Humber,"Sports, amusement and recreation activities",0.003463996129046637,0.009839665993049562,0.004114344243058732,0.013942785790000125,0.017065178066478108
Yorkshire and The Humber,Activities of membership organisations,0.015410928120226881,0.012097911440508497,0.020981799267914467,0.024251429502086596,0.027101499849954108
Yorkshire and The Humber,"Repair of computers, personal and household goods",0.007208267590531522,0.010496905491711657,0.0072668453483967915,0.012736645628039252,0.016504761941820843
Yorkshire and The Humber,Other personal service activities,0.03519302003792437,0.004222855601991955,0.032453966368218616,0.016638075977524886,0.01716560752403379
East Midlands,Agriculture and hunting,0.007863850976760664,0.007677287749657301,0.007870802766415894,0.01062297847593197,0.013106808112242735
East Midlands,Forestry and logging,-0.05656963848227733,0.011271063174276858,-0.05595298207720652,0.012251868351654632,0.016647676810438636
East Midlands,Fishing and aquaculture,0.007467730803425549,0.016006498328770984,0.006114191948249567,0.01539206365889807,0.02220638674860273
East Midlands,"Mining and quarrying, excluding support activities",0.03227614214551601,0.008467133404695975,0.03227614214551601,0,0.008467133404695975
East Midlands,Mining support service activities,-0.16089300277561905,0.0546365213027843,-0.23180340074195036,0.08323763648372559,0.09956733192903408
East Midlands,Manufacture of food products,0.021153361780687566,0.007386628955578129,0.021114766605946727,0.0020672057794866774,0.007670438518241858
East Midlands,Manufacture of beverages and tobacco products,-0.16106760489309058,0.029264643894036754,-0.16128673643614466,0.0036233967535807105,0.0294881058441983
East Midlands,Manufacture of textiles,0.02808573091406121,0.014600903520077223,0.029472463253417458,0.010773499342142771,0.018145376041233043
East Midlands,Manufacture of wearing apparel,-0.01978051140456632,0.013609814970822445,-0.01944599643249801,0.008980794614179895,0.016305880394572547
East Midlands,Manufacture of leather products,-0.0831482663441708,0.013448549270142945,-0.08614854891371831,0.019301938514958587,0.023525057022390064
East Midlands,"Manufacture of wood products, except furniture",-6.650321558520931e-5,0.015864936029008656,9.084419052649206e-4,0.009709221283861005,0.018600139062477906
East Midlands,Manufacture of paper products,0.01185794515383865,0.010627773982781705,0.011872271216664104,0.0046492336501728375,0.011600213505060636
East Midlands,Printing and reproduction of recorded media,-0.00782270040558275,0.011513004847366526,-0.00714787057064677,0.013596719867615837,0.017816286699924435
East Midlands,"Manufacture of coke, refined petroleum and chemicals",0.05739859407237907,0.014014481598313368,0.05893972025138827,0.007794945985961061,0.016036423460158267
East Midlands,Manufacture of pharmaceutical products,0.053775700644125915,0.02049568350551096,0.05907136832028281,0.029345228939405218,0.035794070792020564
East Midlands,Manufacture of rubber and plastic products,-0.005502064807915222,0.007577755593878079,-0.005178433718477079,0.006448901865909811,0.00995041281137047
East Midlands,Manufacture of other non-metallic mineral products,-0.014553712811801902,0.005490819812064029,-0.014672480812180795,0.003522187404671485,0.00652341216865693
East Midlands,Manufacture of basic metals,0.057917443011650964,0.015681039208705894,0.05756900627109613,0.007217644480903723,0.017262368971774748
East Midlands,Manufacture of fabricated metal products,0.023775153076747407,0.00620301277401125,0.024003738511730495,0.005361125758121441,0.008198721660657833
East Midlands,"Manufacture of computer, electronic and optical products",6.471670920720085e-4,0.009619394817541652,0.0014071184257925555,0.01449978784242079,0.01740047712365845
East Midlands,Manufacture of electrical equipment,-0.009784658777336714,0.01403444353742424,-0.00965562842761288,0.0074756200293046755,0.015901273541062372
East Midlands,Manufacture of machinery and equipment,-0.02655254996782803,0.006885167021251113,-0.02673615355414851,0.004774576758369084,0.008378669830711923
East Midlands,Manufacture of motor vehicles,0.018099946747970327,0.012403452768308445,0.017963326964163126,0.004217702934921689,0.013100941135006502
East Midlands,Manufacture of other transport equipment,0.0010497358847403391,0.016688607454681474,1.1770568896279224e-4,0.00950834786699995,0.0192072459747964
East Midlands,Manufacture of furniture,0.011193709890188792,0.0068941794105638774,0.011207851720035042,0.009210576633777291,0.011504974214300835
East Midlands,Other manufacturing,0.006009742451739515,0.011108862139337154,0.008253551537124423,0.012167473565361115,0.016475868140846478
East Midlands,Repair and installation of machinery and equipment,0.040295461419495374,0.01259099893175153,0.04048999882468171,0.00829278991871251,0.015076591747980312
East Midlands,Water supply,0.017585099681012052,0.005153651677570817,0.017585099681012052,0,0.005153651677570817
East Midlands,Sewerage activities,-0.0020557728859733975,0.014115623161966273,-0.004730725060190434,0.011616517939531487,0.018280982093150676
East Midlands,"Waste collection, treatment and disposal activities",0.017093421313946398,0.004813734590681968,0.01633161322003067,0.009330379746769256,0.010498953611120016
East Midlands,Remediation and other waste management services,0.06530920182834155,0.06264604324811343,0.07110893091619902,0.015438436030852716,0.06452032270318578
East Midlands,Construction of buildings,0.0356793209803377,0.00768650693407684,0.03441207659928028,0.012127772207816462,0.01435845561236642
East Midlands,Civil engineering,0.004907567211356247,0.00794755016609358,0.004110148108426543,0.008828470779604757,0.01187878150101723
East Midlands,Specialised construction activities,0.01807178146461133,0.0078039905567601825,0.017867778202061455,0.007163888041734334,0.0105935622188434
East Midlands,Motor trades,-0.01511763129289432,0.009922240608918432,-0.015530110511176374,0.006322342685424048,0.011765325143539593
East Midlands,Wholesale trade,-0.014826924082727845,0.007013503078226059,-0.014852561015720174,0.0031662240541216404,0.0076950763601919435
East Midlands,Retail trade,0.003734317588340285,0.0035900641739836908,0.0034970439416117816,0.0028209188728912107,0.004565757775085645
East Midlands,Land transport,-0.01664894621986928,0.003349192314582175,-0.01707913475741265,0.008600260081077041,0.009229385820422915
East Midlands,Water transport,-0.1045132428348803,0.01959942736369279,-0.09911813366688642,0.026679525396825672,0.033104903388841596
East Midlands,Air transport,-0.06517693801263266,0.0678535952405307,-0.06829388524700424,0.01704408101495848,0.0699614971588676
East Midlands,Warehousing and transport support activities,0.03706287912304576,0.004712293487579253,0.037156418176190587,0.0052122374224483296,0.00702660151574377
East Midlands,Postal and courier activities,0.006086186464079742,0.007620126103571904,0.005744287456292194,0.006323257976739577,0.009902015616769073
East Midlands,Accommodation,-0.006208189013287645,0.017336522192911336,-0.007851125584350051,0.009840432460281564,0.019934620958289382
East Midlands,Food and beverage service activities,0.003301331514284949,0.008649695439334517,0.0028655738674449984,0.005757338376842476,0.010390581137679813
East Midlands,Publishing activities,-0.01027178008158506,0.013813849115890583,-0.016248377882848927,0.02601517115625229,0.029455246691984977
East Midlands,"Motion picture, video and TV programme production",-0.03656459946680453,0.01431877912195015,-0.033836627991023605,0.014349409660800325,0.02027148226343267
East Midlands,Programming and broadcasting activities,0.04481135722718274,0.016028297025808384,0.10911642521441839,0.06040873317028666,0.06249897078181712
East Midlands,Telecommunications,0.2017688038841047,0.017008790690484808,0.20206279729323184,0.008260607584719073,0.018908638195846917
East Midlands,Computer programming and consultancy,0.03762677750878393,0.008521155112307478,0.037193682290258004,0.008923949121991319,0.012338839182836184
East Midlands,Information service activities,-0.02016944821048851,0.008538192341200526,-0.02012089103540347,0.003177015870556207,0.009110112968405021
East Midlands,Legal and accounting activities,0.009800162465944713,0.006557652565959213,0.0095384252474396,0.006415804612544526,0.009174167864290421
East Midlands,Head offices and management consultancy,0.04800120316960203,0.008360390843031675,0.048570117860396875,0.0065672086330194075,0.01063129175019915
East Midlands,Architectural and engineering activities,8.693058437515128e-4,0.004212769843313698,7.782154786835039e-4,0.005449253711083854,0.006887800502373343
East Midlands,Scientific research and development,0.05550283127240167,0.013458187216023411,0.05485101492278925,0.009310010528719562,0.01636456840819229
East Midlands,Advertising and market research,0.013303600969826284,0.007492992602054359,0.011077655159706552,0.01693735822009493,0.018520773245473816
East Midlands,"Other professional, scientific and technical activities",0.013746106852713741,0.006206801765375061,0.012258928508506652,0.014974694928631687,0.016210054792018768
East Midlands,Veterinary activities,0.06469201746092411,0.009185189643928513,0.06594552029466531,0.011981109276987869,0.015096843653626952
East Midlands,Rental and leasing activities,-0.01068163089041626,0.011425876068334492,-0.010791167505818898,0.007044223051026235,0.01342280605244478
East Midlands,Employment activities,0.010461425412732157,0.006502121433058792,0.010529592695235918,0.006128155846745022,0.008934868617514066
East Midlands,Travel agency and tour operator activities,-0.01853444967333846,0.02939187540780709,-0.019806556052269504,0.015406001468638292,0.03318474380253282
East Midlands,Security and investigation activities,-0.0037312211744959375,0.01449699735372039,-0.0034233165423437273,0.014142209470767629,0.020252531224240727
East Midlands,Services to buildings and landscape activities,0.05616755770556716,0.009240735162875918,0.05634132190980337,0.011806610809024618,0.014992906494278833
East Midlands,Office administration and business support activities,0.014482742787293805,0.01233413633225018,0.01448025411712412,0.012085524630730926,0.017268202705045418
East Midlands,Human health activities,-0.017722307948554988,0.011878136418898398,-0.018139577446392573,0.0077605442401962495,0.01418859301305114
East Midlands,Residential care activities,0.011501411300255504,0.007050002771653122,0.01132909366171787,0.005009758092184266,0.008648711766646085
East Midlands,Social work activities,-0.018013076274908352,0.011102636426871986,-0.017883982614767018,0.008813932083845458,0.014175822177423964
East Midlands,"Creative, arts and entertainment activities",0.07035818664222916,0.01104602564768286,0.07990640527447188,0.046822791285970715,0.04810809148593241
East Midlands,"Libraries, archives, museums and other cultural activities",-0.013669272218498318,0.018844596212259437,0.015367207218322888,0.0650048895798811,0.0676812712328576
East Midlands,Gambling and betting activities,-0.07951284757941476,0.02188682657730571,-0.07986391623064655,0.002783947167469025,0.02206317156385986
East Midlands,"Sports, amusement and recreation activities",0.017272083055829054,0.014421133457599832,0.02280988539282974,0.017906366326231323,0.02299145591760331
East Midlands,Activities of membership organisations,0.0586867823299139,0.009768634042197613,0.08735168969154505,0.045541830618279905,0.04657772586885795
East Midlands,"Repair of computers, personal and household goods",-0.05637235130556299,0.013312278131369572,-0.05535905636954526,0.009263791330300055,0.016218340817059033
East Midlands,Other personal service activities,0.014414271349973928,0.006311699008152624,0.013607594772950142,0.012769170619253988,0.014243920200321754
West Midlands,Agriculture and hunting,0.005912534459737708,0.009624083904436868,0.003632122238348864,0.013430303579440266,0.016522591964808875
West Midlands,Forestry and logging,-0.05517871724653136,0.011125068989028559,-0.05364963557999042,0.011596769318942034,0.01607022770988016
West Midlands,Fishing and aquaculture,0.02227792477793527,0.018411967477717544,0.020981767781383588,0.0127391388476347,0.022389421720532314
West Midlands,"Mining and quarrying, excluding support activities",-0.004899878964806137,0.012162945309501981,-0.004899878964806137,0,0.012162945309501981
West Midlands,Mining support service activities,0.07428374061850455,0.06145918899214284,0.10825333207401662,0.04998465842966605,0.07921930313946417
West Midlands,Manufacture of food products,0.02644373804864882,0.005783746132948986,0.02635910551923477,0.0038818677887714403,0.0069656741855978034
West Midlands,Manufacture of beverages and tobacco products,-0.025937089311842746,0.01729700113559557,-0.025937089311842746,0,0.01729700113559557
West Midlands,Manufacture of textiles,0.03800315084211643,0.020713581042552835,0.0351212133099149,0.015185058341941175,0.025683427272359144
West Midlands,Manufacture of wearing apparel,-0.023007573485384524,0.01443688011139458,-0.022707922535099907,0.01108426302828948,0.0182012195808711
West Midlands,Manufacture of leather products,-0.032860181300403246,0.013876134554210006,-0.032955729428114866,0.020444393412204023,0.024708709641733866
West Midlands,"Manufacture of wood products, except furniture",0.028042850361704286,0.014481958813181846,0.029079146671902586,0.009952129534253227,0.01757190978047778
West Midlands,Manufacture of paper products,0.05309544661948486,0.009975795923666472,0.055650136693080575,0.015213480044107296,0.018192484144917965
West Midlands,Printing and reproduction of recorded media,0.010314612883139455,0.009883941672483498,0.009851354500587176,0.015272322445642873,0.01819165016893033
West Midlands,"Manufacture of coke, refined petroleum and chemicals",0.02973913469803965,0.01824541719735717,0.030179222459771036,0.017057982899106764,0.02497739036192203
West Midlands,Manufacture of pharmaceutical products,0.09435247639020587,0.02032943239074432,0.10109431620749848,0.0315477122146045,0.037530573767334686
West Midlands,Manufacture of rubber and plastic products,-0.001251459223830236,0.006247630159842787,-3.378243225352113e-4,0.006038447296409398,0.00868882779008142
West Midlands,Manufacture of other non-metallic mineral products,0.001655315962118875,0.008649470233767815,0.0015943059667698962,0.003509786297951836,0.00933444884190416
West Midlands,Manufacture of basic metals,0.0464603432169338,0.016015936951558462,0.045797970192148894,0.0071024256150513075,0.01752012231845522
West Midlands,Manufacture of fabricated metal products,-6.850674264032859e-4,0.005883495576578395,-7.628404006411099e-4,0.0038525412796441318,0.007032609367153816
West Midlands,"Manufacture of computer, electronic and optical products",0.03757594876792841,0.008540391950252961,0.03916553659085963,0.013960271301134166,0.016365435205493797
West Midlands,Manufacture of electrical equipment,9.412652363465962e-4,0.012338004307617613,0.0011176065151051228,0.0061021217304564005,0.013764528321308325
West Midlands,Manufacture of machinery and equipment,-4.7492881436801086e-4,0.008996181726715985,-8.299700586185384e-4,0.003177210977585066,0.009540752342251928
West Midlands,Manufacture of motor vehicles,-0.006093154928776571,0.017567985082108835,-0.0058530649776894865,0.002035417957776579,0.017685503275508954
West Midlands,Manufacture of other transport equipment,7.295566984954497e-4,0.012549501656810333,0.0010415712261793127,0.011280607955116448,0.01687430317587431
West Midlands,Manufacture of furniture,0.0053920243247496625,0.010077787666679725,0.0041058869615774405,0.015315901526387128,0.018334084210035406
West Midlands,Other manufacturing,-0.02834310503516157,0.012841869822783692,-0.02918041806955147,0.01514838055202128,0.019859180594731973
West Midlands,Repair and installation of machinery and equipment,0.020468163976018132,0.006318379190133287,0.020525446116528047,0.008403464653071312,0.0105138068160742
West Midlands,Water supply,0.0024048600138259525,0.006849688154299898,0.0024201751973047135,3.183970932906263e-4,0.006857084257916937
West Midlands,Sewerage activities,0.04728084754919679,0.01276076410330616,0.04528466239705216,0.01296349279441267,0.01819036134690612
West Midlands,"Waste collection, treatment and disposal activities",0.04515089120916273,0.010051958135080715,0.046131368672247805,0.011774097035766828,0.015481318527731047
West Midlands,Remediation and other waste management services,0.1300007400054328,0.02199885982957643,0.1340290814354888,0.012303803930015313,0.02520582125124297
West Midlands,Construction of buildings,0.0077777312074871095,0.005871429484101493,0.00696052994032768,0.011076307500326127,0.012536278236723894
West Midlands,Civil engineering,0.04345536590789057,0.007096631126199595,0.04232743678762532,0.010621076429034912,0.012773779309693194
West Midlands,Specialised construction activities,0.006492560481270003,0.006390642289934453,0.006545809291654376,0.006359752815203377,0.009015917299331553
West Midlands,Motor trades,-0.0072205986877622915,0.008740438220336204,-0.008035091001328171,0.005747787592772204,0.010460990512142719
West Midlands,Wholesale trade,-0.01306600543730652,0.006955574547354693,-0.012654776428444987,0.004699844880542117,0.008394555329793616
West Midlands,Retail trade,-0.004809718170406603,0.00677211036121675,-0.004326033143799946,0.00364608261333455,0.007691254589971636
West Midlands,Land transport,0.005866280243697864,0.010686313416887814,0.005248634522229474,0.005602080772954414,0.0120656787389132
West Midlands,Water transport,-0.1636148421899694,0.02247106374484448,-0.16045117104575252,0.02448039022304598,0.03323007991710927
West Midlands,Air transport,0.008245295335211551,0.05434680196311173,0.023640070529866934,0.032668778840336726,0.06340996762762553
West Midlands,Warehousing and transport support activities,0.00401104423020174,0.008689480675187457,0.00399768955207268,0.0032575888556088005,0.009280030148477047
West Midlands,Postal and courier activities,0.009967911102307415,0.006227392644389791,0.00999175021671959,0.0036623179624660114,0.00722447174578192
West Midlands,Accommodation,0.008834530228222134,0.0154369938466013,0.008134310884449434,0.007875138509839043,0.017329702408557288
West Midlands,Food and beverage service activities,-0.032039752511770964,0.012128189203383766,-0.031959877813079456,0.005130871608454988,0.013168857840204821
West Midlands,Publishing activities,0.003917679564550304,0.011747932557137566,0.001870230265928536,0.022522900149582303,0.02540265636729961
West Midlands,"Motion picture, video and TV programme production",-0.04613839745526148,0.011871420587606905,-0.04376550390966884,0.015779318453745445,0.019746329219188275
West Midlands,Programming and broadcasting activities,0.09552250383217674,0.020686185079548135,0.1471608016249647,0.054943542617809205,0.05870869721378883
West Midlands,Telecommunications,0.23026340610433435,0.0091052610008326,0.23030828336651124,0.00215861448773109,0.009357638291787389
West Midlands,Computer programming and consultancy,0.021847036734603396,0.00928531519535211,0.021972717134386473,0.005910538472774752,0.01100688617707966
West Midlands,Information service activities,-0.025159775259047612,0.01662858900443822,-0.02552563597840507,0.009009678390029939,0.018912542847811242
West Midlands,Legal and accounting activities,0.0159144951795291,0.003548945720378999,0.01568943356451811,0.005066802077749045,0.006186072988680173
West Midlands,Head offices and management consultancy,0.03974168662719653,0.008245853681703288,0.039344203693950544,0.009656954564074765,0.012698459528331148
West Midlands,Architectural and engineering activities,0.009450411237868373,0.007509849588061026,0.009236957773557767,0.006157015138631685,0.009711162456299457
West Midlands,Scientific research and development,0.0027525212639924455,0.013361737775123526,-6.558423560923997e-4,0.02209475795457094,0.02582081264101188
West Midlands,Advertising and market research,0.02171390837124497,0.011364550093948024,0.021956077972433964,0.013363062556542401,0.01754207626616415
West Midlands,"Other professional, scientific and technical activities",0.059608009511073506,0.006844632107287195,0.05645640623866969,0.017397684585606574,0.01869567911642579
West Midlands,Veterinary activities,0.01964744252498273,0.009889054024899953,0.02288792611502034,0.015990386364258147,0.018801219257953534
West Midlands,Rental and leasing activities,-0.008094659970600644,0.010115607088799052,-0.007842913443719728,0.007823050648044548,0.012787713955857469
West Midlands,Employment activities,0.036692625924278,0.006004406122760809,0.03694365301940439,0.00758823780441377,0.009676479001340405
West Midlands,Travel agency and tour operator activities,-0.017161687325286598,0.045825112822616955,-0.01532706176727467,0.020228436730264716,0.05009122296127232
West Midlands,Security and investigation activities,0.03995623449740057,0.008152601623322273,0.042275142964299704,0.011578014700039174,0.01416034383844263
West Midlands,Services to buildings and landscape activities,0.010806853529480449,0.008448305744241423,0.010331186379558295,0.0074485196583431125,0.011262962090360885
West Midlands,Office administration and business support activities,0.04699057977173679,0.010338238451049492,0.04653877359368498,0.00873594461495193,0.013534988089624085
West Midlands,Human health activities,-0.01961554082717099,0.010807153227999126,-0.018739486305665444,0.01203263493455504,0.0161733999011255
West Midlands,Residential care activities,0.01602687394482026,0.002691780940070103,0.016326031751768208,0.005629615425018173,0.006240052440719327
West Midlands,Social work activities,0.011669811125516127,0.007312414544084957,0.010936315207621786,0.010284805586425411,0.012619375278321528
West Midlands,"Creative, arts and entertainment activities",0.02833597959722487,0.032922902250652114,0.046284682574438574,0.036216588194541426,0.048944445579238015
West Midlands,"Libraries, archives, museums and other cultural activities",-0.010911821016622485,0.022262070717703787,-0.01453252856337484,0.025911366481972058,0.034161362759748175
West Midlands,Gambling and betting activities,-0.03428454489991459,0.013999216667485274,-0.03430847582621405,7.635060848022736e-4,0.014020021713418549
West Midlands,"Sports, amusement and recreation activities",-0.027671601417523773,0.013646482347741453,-0.027125080086777324,0.009153649274697834,0.016432156751668214
West Midlands,Activities of membership organisations,0.03059001790920136,0.009438443429864135,0.026433881893257516,0.016013304507661263,0.01858790293803553
West Midlands,"Repair of computers, personal and household goods",0.03628074989580684,0.010237037136087144,0.03645251392931385,0.008444970782098986,0.013270812365342704
West Midlands,Other personal service activities,0.0021693366801453246,0.00594300836096049,-1.202650741962087e-5,0.016079778857372086,0.01714288880207874
East,Agriculture and hunting,0.009230120164080336,0.008918727682767861,0.008838221477484537,0.012757726774440838,0.015566094434078652
East,Forestry and logging,-0.052353246770040746,0.014077547629988365,-0.051520674542519185,0.010665032205005589,0.017661264371737304
East,Fishing and aquaculture,-0.0051604755924275145,0.014595622560925637,-0.006222450368287182,0.015015659057851264,0.020940444476720933
East,"Mining and quarrying, excluding support activities",-0.021198962633323805,0.008298789792218618,-0.021198962633323805,0,0.008298789792218618
East,Mining support service activities,-0.07740436808252771,0.052835218854055496,-0.09523910436257524,0.05718124829552097,0.07785406545576128
East,Manufacture of food products,0.00407917150518258,0.0045955669663343395,0.003993070665208213,0.0041514901099551265,0.00619306918055326
East,Manufacture of beverages and tobacco products,-0.07027710213280172,0.028295687878644258,-0.07027710213280172,0,0.028295687878644258
East,Manufacture of textiles,0.09636440829534418,0.026439006444111127,0.09598853104450189,0.020243160603418367,0.0332987479189164
East,Manufacture of wearing apparel,-0.03236559628568284,0.015263905136637227,-0.03204772506763271,0.010907724718408552,0.01876073715376987
East,Manufacture of leather products,-0.051190341806015484,0.013029108491744523,-0.04878573142136301,0.012071641768837385,0.01776181868742018
East,"Manufacture of wood products, except furniture",-0.013027415396154757,0.018973853629880553,-0.012408156490933282,0.020362358576489045,0.027832225357769157
East,Manufacture of paper products,-0.012673411713061921,0.012657339365742369,-0.010333923703373157,0.01577635757796456,0.020226262587224837
East,Printing and reproduction of recorded media,-0.009284924129138002,0.012950989850316447,-0.008974469777398101,0.010472811293294347,0.01665556707194184
East,"Manufacture of coke, refined petroleum and chemicals",0.035463473575731146,0.01207380480995654,0.03549971171075127,5.533493904640185e-4,0.012086478318222252
East,Manufacture of pharmaceutical products,0.030809913325879623,0.016906859893350577,0.030030888407989016,0.01293367609489109,0.021286659878453067
East,Manufacture of rubber and plastic products,-0.029600617461372724,0.008381710304714211,-0.029360768705654128,0.01039239037525151,0.013351211381135894
East,Manufacture of other non-metallic mineral products,-0.0012608886677985631,0.00910682106025971,-0.0013037335481438446,0.013068952556366772,0.015928958244158825
East,Manufacture of basic metals,0.08001699902442372,0.016514166439514713,0.08216387154149811,0.013259006421079444,0.021178265851249954
East,Manufacture of fabricated metal products,-0.003721959334003744,0.005347804464519079,-0.003797657517936864,0.007777110341233346,0.009438350377605657
East,"Manufacture of computer, electronic and optical products",0.020849990842657144,0.0073218849260714945,0.021857487228624916,0.010043422752786182,0.012429012006664736
East,Manufacture of electrical equipment,-0.032415031004742696,0.019065231546543448,-0.03218681699237991,0.012676461847733902,0.02289488455748071
East,Manufacture of machinery and equipment,-0.008885978205251143,0.006313984236991486,-0.00880140706747244,0.00519200264530781,0.0081745512668195
East,Manufacture of motor vehicles,-0.02062915357590926,0.018878172312478552,-0.022264509054568254,0.011872300967451448,0.022301051995844957
East,Manufacture of other transport equipment,-0.025056280596636667,0.009793154379884851,-0.027287585424778403,0.019714331740875366,0.02201274059942432
East,Manufacture of furniture,-0.02700683127973238,0.013624804506805525,-0.02196863430445569,0.022455756719914968,0.026265877250011553
East,Other manufacturing,0.003701562095687379,0.011573709738513193,0.0033113489617389406,0.015335379584350379,0.019212616274403273
East,Repair and installation of machinery and equipment,0.04741630817381397,0.00773445139547833,0.04709137878555361,0.012055381966213832,0.01432319701534299
East,Water supply,0.04314136843317551,0.004586617689750739,0.043130457318854454,8.949965897089701e-4,0.004673123230509237
East,Sewerage activities,0.007832317161419005,0.008946857046616807,0.007460138626583406,0.009670480142777086,0.01317438564808404
East,"Waste collection, treatment and disposal activities",0.029175137759328295,0.006064532609093765,0.02836171521391451,0.014216108355082557,0.01545562333036781
East,Remediation and other waste management services,0.09427662131813071,0.01332411578951434,0.07545383920906085,0.0412211381969138,0.043321060649774625
East,Construction of buildings,0.02480654437321909,0.00583345978848646,0.02585921739171781,0.01186323381203051,0.013219892948991396
East,Civil engineering,0.01764653270198911,0.007584052100073966,0.018169148916534456,0.006931322418543475,0.010274292030424272
East,Specialised construction activities,0.014827613640227121,0.00802125026387618,0.01447147250005255,0.007889658418849716,0.011251096202675536
East,Motor trades,-0.011930786054569001,0.011185492774776044,-0.012450098693245013,0.006212886047783838,0.012795124136065041
East,Wholesale trade,0.017647064432723892,0.00536333766481001,0.017774875485236517,0.006103933050057392,0.008125477806649442
East,Retail trade,-0.00856994451547879,0.008530175611512704,-0.008582372502348586,0.0030607244069877455,0.009062666818259216
East,Land transport,-0.02209984018276444,0.01470505814135252,-0.02177979225747521,0.007924726841494477,0.01670449132577407
East,Water transport,-0.1310543631433955,0.03464625373781194,-0.13145429501085953,0.0051866629601440275,0.03503233321842805
East,Air transport,0.04875500944500271,0.047325263398393755,0.048847619776792556,0.0038525641496668086,0.047481815532418786
East,Warehousing and transport support activities,0.013891461567655002,0.004718095727491683,0.01348921840991156,0.004942160244994621,0.006832669696464228
East,Postal and courier activities,-0.0064358303067116665,0.005759262220210519,-0.0060251645909710095,0.004596173784165471,0.0073684404574776985
East,Accommodation,-0.0017322276105324126,0.013256237368573709,-9.951387180459517e-4,0.009942487949185104,0.016570482666224934
East,Food and beverage service activities,-0.00911800362639266,0.00884579493512162,-0.009613887846783733,0.00767276047261458,0.011709796808840878
East,Publishing activities,0.01128606116930039,0.008631070533243697,0.011255329682256458,0.009371727518267715,0.012740669339814293
East,"Motion picture, video and TV programme production",-0.022989487268110943,0.007650301929731221,-0.017230342314422414,0.022652176516371997,0.023909166036165382
East,Programming and broadcasting activities,0.06308440549156373,0.03150687411068224,0.12741347084661225,0.05885570120252266,0.06675834539791266
East,Telecommunications,0.18036594574877585,0.011735076689730142,0.18067865767197056,0.004129808288719877,0.012440552295433959
East,Computer programming and consultancy,-7.661770745765271e-4,0.006489831251864384,-7.425877268564683e-4,0.007880198182588269,0.010208596038366054
East,Information service activities,0.13142484115966102,0.010184891573004735,0.13285695924375263,0.014646693705462469,0.01783977726473895
East,Legal and accounting activities,0.0030784975098467693,0.008418424414851829,0.0030776559380831115,0.007420758224457008,0.011222188835268264
East,Head offices and management consultancy,0.05128524184225066,0.0080861742398739209,0.051023486233069806,0.00589773770825321,0.010008472606394665
East,Architectural and engineering activities,0.007052646443191338,0.0051181040323944665,0.0069842590940966485,0.004097065339316327,0.006555984539414329
East,Scientific research and development,0.020984218645057624,0.05016395771204961,0.020267009215514265,0.010066349928204562,0.05116399177364257
East,Advertising and market research,0.05119270133973291,0.012856924050945039,0.044701682296529724,0.02295686629699402,0.02631194037371301
East,"Other professional, scientific and technical activities",0.012640646190472483,0.012414847283397708,0.014057315815365323,0.018927318435301686,0.022635631562238294
East,Veterinary activities,0.032811426344050376,0.008136066735059141,0.035164996767279084,0.0125200318509019,0.014931402461421163
East,Rental and leasing activities,0.026070203519951072,0.010930430059726715,0.025235446730457897,0.010280380756951714,0.015005350039185373
East,Employment activities,0.06638192453274787,0.004183110016526183,0.06589926257729459,0.00961173741528142,0.01048255243491214
East,Travel agency and tour operator activities,-0.025327762816290247,0.028272067588374417,-0.026421894610787873,0.01792571038108371,0.033475974943055854
East,Security and investigation activities,0.030952877754746734,0.01412913279949881,0.041595756274017376,0.02374379826364614,0.027629700498749504
East,Services to buildings and landscape activities,0.06474357899267821,0.007589737024026472,0.06453608174429382,0.009759598041558496,0.012363408188144184
East,Office administration and business support activities,0.01356812610286526,0.016999169313400786,0.013492957824901834,0.009174145050553034,0.01931674648470217
East,Human health activities,-0.015986888039639574,0.012122877671060633,-0.017983974947490967,0.012620095752140821,0.01749945655786783
East,Residential care activities,0.01408151490069828,0.004015620306864762,0.013934484004661182,0.0065674791508477095,0.007697856120097595
East,Social work activities,0.0200172350866653,0.006761803748297854,0.020931072983640032,0.014283991279956746,0.015803619737780814
East,"Creative, arts and entertainment activities",0.06752245193350329,0.014342241687551579,0.07811554790585057,0.030763844531852443,0.03394280523180324
East,"Libraries, archives, museums and other cultural activities",-0.026847299734514097,0.012716723234758318,0.00795751444190931,0.048202303550979396,0.04985155080286072
East,Gambling and betting activities,-0.03667405379761635,0.02204793920031273,-0.034498206265549454,0.01299627885069986,0.025593258623040467
East,"Sports, amusement and recreation activities",-0.027619506297346535,0.008428376580333928,-0.03101472465886374,0.014713433431801511,0.016956493008047857
East,Activities of membership organisations,0.002425519402459992,0.005356177931568929,0.04383459519674175,0.06161854875720958,0.06185090292776041
East,"Repair of computers, personal and household goods",0.09492103340399649,0.0108422481746579,0.09387228646890355,0.01562255707403286,0.01901627290013179
East,Other personal service activities,-0.003920973805961379,0.008708733525891858,-0.00445988513555721,0.015300448337830903,0.01760527645234875
London,Agriculture and hunting,-0.010044982697499682,0.008879634561617803,-0.011619620676978375,0.01764535257094498,0.01975364212748707
London,Forestry and logging,-0.04971679700045791,0.010317050591668346,-0.04925501010955499,0.01085528720630544,0.014975940479396368
London,Fishing and aquaculture,0.03669915092777018,0.017498201045939132,0.03637195063405902,0.018299575812536113,0.0253191926167258
London,"Mining and quarrying, excluding support activities",-0.055904854773861166,0.023895062597534735,-0.055904854773861166,0,0.023895062597534735
London,Mining support service activities,0.11702215374271371,0.03087064086797625,0.15789427119247726,0.05211143196415823,0.0605689508655603
London,Manufacture of food products,0.023738576858905864,0.006865207893341341,0.02420625345515017,0.004699470093020473,0.008319621299914445
London,Manufacture of beverages and tobacco products,0.07540937812904654,0.006851504717262094,0.07540937812904654,0,0.006851504717262094
London,Manufacture of textiles,-0.04544828711257095,0.020140930992464206,-0.049871360271146095,0.025247390090100883,0.03229686993510252
London,Manufacture of wearing apparel,8.213824452446726e-4,0.016640819164102077,0.0016233207318394251,0.011278719535702078,0.020102894737260468
London,Manufacture of leather products,-0.00876477673349017,0.012953101527624852,-0.008021313459641723,0.01861158671476011,0.02267540516123124
London,"Manufacture of wood products, except furniture",-0.0800992688812941,0.024061067796827196,-0.07841903133721459,0.02785586744697673,0.03680875350710823
London,Manufacture of paper products,-0.08586798396740904,0.0253530073029284,-0.09705917119182048,0.028289560342277104,0.03798781651611051
London,Printing and reproduction of recorded media,-0.04086341048884241,0.012750414179170921,-0.042141376338842816,0.015850562983632355,0.02034240420005706
London,"Manufacture of coke, refined petroleum and chemicals",0.04607978441355834,0.017997240909866596,0.047255333551179834,0.010013030584885112,0.020595180549381465
London,Manufacture of pharmaceutical products,0.0636160104182919,0.02247130077643292,0.06516599976686403,0.023436622290707906,0.032468979395451
London,Manufacture of rubber and plastic products,-0.023810730726601392,0.014864583009633375,-0.024426503489936986,0.015870743773469972,0.02174480020541502
London,Manufacture of other non-metallic mineral products,0.02647528182005896,0.009248206183345124,0.02340604770199267,0.026429934394890147,0.028001263359496126
London,Manufacture of basic metals,-0.010002470757279723,0.02119221788202808,-0.0058439115130435836,0.013069566759539216,0.024898266486673384
London,Manufacture of fabricated metal products,0.020863849334456945,0.010619995578154972,0.01998956196463434,0.01608412872661228,0.019273907309475823
London,"Manufacture of computer, electronic and optical products",0.0029185932907896733,0.007894360749515461,0.0053213151963091235,0.0236143169026158,0.024898933600069235
London,Manufacture of electrical equipment,-0.04209543402928896,0.012019592060240407,-0.043680285582285094,0.018825991463052492,0.022335813122909127
London,Manufacture of machinery and equipment,0.009926901121056743,0.0157568312702918,0.007993323337863949,0.015369972105602805,0.022011673589426448
London,Manufacture of motor vehicles,-0.0850336852777121,0.025454767285724274,-0.0850336852777121,0,0.025454767285724274
London,Manufacture of other transport equipment,0.08745347312654556,0.01414795203622874,0.08929991424142086,0.017108063163515166,0.022200233602965837
London,Manufacture of furniture,-0.03277653135539539,0.019985522740410065,-0.03535011583360671,0.03142659101318575,0.0372431435557942
London,Other manufacturing,0.015970639800824096,0.012230380248909885,0.012376283861024007,0.024116638135430555,0.027040607167521744
London,Repair and installation of machinery and equipment,0.027032385658013695,0.011435929542553767,0.026257902254166368,0.010315203812650798,0.015400776415453201
London,Water supply,-0.01350823439836153,0.013556968444195591,-0.01350823439836153,0,0.013556968444195591
London,Sewerage activities,-0.05738328217077007,0.012572467144439162,-0.057524376083523704,0.002037410649296387,0.012736481941724274
London,"Waste collection, treatment and disposal activities",0.030988035269301873,0.007727572870935003,0.030883133928933208,0.008654974947508477,0.01160275716446785
London,Remediation and other waste management services,0.04788682997617471,0.01735842216013518,0.0403424678657318,0.02619103925718393,0.0314210973274458
London,Construction of buildings,-0.005124992883071463,0.010167420717376065,-0.0043881140579627755,0.007946969248074656,0.012904679936905536
London,Civil engineering,-0.014408791633393356,0.006643523642587896,-0.01832780298981069,0.013550154663974988,0.015091159591206616
London,Specialised construction activities,-1.0205407697158767e-4,0.006817639936113305,-0.00231056601876916,0.008591392311920408,0.010967781733596457
London,Motor trades,-0.025502754537335245,0.016029064435210266,-0.025522202398150555,0.009517352208006653,0.018641644233258283
London,Wholesale trade,0.014130339460749226,0.006478387645441176,0.014141968719293262,0.0042749291782314906,0.007761734726431961
London,Retail trade,-0.002601148918969141,0.008261536864793263,-0.002743599999256446,0.003188075034059273,0.008855326859643868
London,Land transport,-0.06116335282203128,0.02908455630877107,-0.061294790324121926,0.0029333073360722213,0.0292321006362172
London,Water transport,-0.06713449921319109,0.018478245386515237,-0.06940538349736725,0.01289306721231145,0.022531682908860852
London,Air transport,-0.09758755416866162,0.08115191023773595,-0.09836020667807865,0.006657964066375263,0.08142457258556962
London,Warehousing and transport support activities,-0.04736337276403473,0.010629293190309442,-0.04740688789123749,0.0022453518409111415,0.010863861128302484
London,Postal and courier activities,-0.015351622785285023,0.005610876422244205,-0.01525376771763722,0.005005016658964869,0.007518784874047919
London,Accommodation,-0.010198902315806703,0.0234083566004945,-0.01089294023963161,0.009834629346878523,0.025390374024941
London,Food and beverage service activities,-0.007835813944836248,0.011818602144352736,-0.008076093910665532,0.005373593244641721,0.01298286798074132
London,Publishing activities,-0.007903388845157051,0.003193175719198688,-0.00775870442746336,0.0031825903079311254,0.004508353606563841
London,"Motion picture, video and TV programme production",0.01585517257290922,0.005298083756285274,0.01563772443247155,0.006399858003458307,0.00830830150831343
London,Programming and broadcasting activities,-0.0480359338058109,0.007146315744767972,-0.04944556578141646,0.009043289460130624,0.011526097040352743
London,Telecommunications,0.194616322776255,0.009577775027520356,0.19487923845158045,0.0037531259385225326,0.0102868716716115
London,Computer programming and consultancy,0.06512705159226209,0.0038724724353692273,0.06507197036878792,0.0034466729709943422,0.00518416794979459
London,Information service activities,0.048686481469701254,0.006517799739491794,0.04885991821466416,0.003297341121104882,0.007304394014088267
London,Legal and accounting activities,0.01756616449119304,0.0022572738484674436,0.01762937069552381,0.002484940863292023,0.0033571142847739826
London,Head offices and management consultancy,0.037329087627882604,0.0057140918636992746,0.03732679448049485,0.004397285889300701,0.007210198958353182
London,Architectural and engineering activities,0.010357646107967544,0.008853898552938357,0.010466937276893988,0.005326140293308829,0.010332438725186412
London,Scientific research and development,0.055397355170791106,0.015782876106141014,0.14822441602123038,0.0702067440839929,0.0719589194822787
London,Advertising and market research,0.04223914629711498,0.007083588567423518,0.042006650826376536,0.005411645434894608,0.008914209628764
London,"Other professional, scientific and technical activities",0.027427793297929697,0.0089608022179217,0.027138978755439233,0.007766984455400759,0.011858415742380914
London,Veterinary activities,0.0100718167592188,0.01325807148752929,0.012691564374684591,0.012727292004048894,0.018378259474845924
London,Rental and leasing activities,5.9771881822327094e-5,0.00499017187054006,3.32553512322774e-4,0.00501358175776892,0.007073741396132783
London,Employment activities,0.00241513331910592,0.010400447850515655,0.002144015168508628,0.00823015342449747,0.013262908462402323
London,Travel agency and tour operator activities,-0.022979929950417137,0.027804773582366604,-0.022244796489564136,0.007757636088823673,0.02886669970144303
London,Security and investigation activities,0.004890642789115423,0.005553251239370987,0.004740262199145455,0.009804157417796203,0.011267657343055109
London,Services to buildings and landscape activities,0.02338154352000679,0.008618653704234305,0.023185106317965318,0.006232065064440402,0.01063578049044499
London,Office administration and business support activities,0.0381119086916787,0.012312886523140346,0.03813152539783292,0.007485225687617361,0.014409572447727169
London,Human health activities,-0.017336398432069387,0.012833225446614608,-0.017267639835913076,0.007344456577201252,0.014786234063412883
London,Residential care activities,-0.006210321130464623,0.004513767599193946,-0.004804540261527799,0.009426746665711907,0.010451681713439404
London,Social work activities,0.012343226286107598,0.0051824777453256,0.03664444850443059,0.04320543270228224,0.04351514093476241
London,"Creative, arts and entertainment activities",-0.009900782205894312,0.00949069742562829,-0.009532908970837532,0.011422327120204658,0.014850686666474057
London,"Libraries, archives, museums and other cultural activities",-0.023164954647238084,0.015403064834448508,-0.017760591665282682,0.010109608238401705,0.018424401890649908
London,Gambling and betting activities,0.004281090757361621,0.017599817039750065,0.0048664333889311285,0.004465256077671008,0.01815742469822895
London,"Sports, amusement and recreation activities",0.02905331436623166,0.009354327456437961,0.030976829366640552,0.009038030136982247,0.013007283764078819
London,Activities of membership organisations,0.012951547952130405,0.0063013974235394885,0.013615798202142308,0.009711715131204297,0.011576917563801368
London,"Repair of computers, personal and household goods",-0.0570979097911979,0.0124435863737708,-0.05922428485490708,0.012417039152822662,0.017579126917006582
London,Other personal service activities,0.004129374927496868,0.008968397575899826,0.0049709470114032844,0.0095603298875925,0.0131084729331452
South East,Agriculture and hunting,0.012403909141319197,0.007882172486924363,0.011400837579521574,0.013504049901374136,0.015636112267837877
South East,Forestry and logging,-0.03162230695938453,0.01036551913114483,-0.029529070587206885,0.013572572946289158,0.017078018715309742
South East,Fishing and aquaculture,-0.010878294125596016,0.01682813070735911,-0.011967236090942811,0.015771025977668357,0.023063201067767086
South East,"Mining and quarrying, excluding support activities",-0.014671346162533764,0.013257350650226403,-0.014671346162533764,0,0.013257350650226403
South East,Mining support service activities,-0.15911192836862129,0.04428880131452983,-0.21420715993576533,0.05883772478533556,0.07364357256266693
South East,Manufacture of food products,0.013751470729578285,0.005537790794644281,0.013331163804924051,0.006837232338419549,0.00879857221001095
South East,Manufacture of beverages and tobacco products,0.11466830281298586,0.027609066018063778,0.11466830281298586,0,0.027609066018063778
South East,Manufacture of textiles,0.08141224707958167,0.022778617816164255,0.08175839547352115,0.023044299431060487,0.032402240136806135
South East,Manufacture of wearing apparel,0.043001887031826794,0.016919695286549883,0.044780676189369574,0.010365664697922473,0.019842456834259576
South East,Manufacture of leather products,-0.023058336172746424,0.012377689696285095,-0.02618876963124354,0.020768642423131967,0.02417733877657835
South East,"Manufacture of wood products, except furniture",0.00984669653365404,0.019691475342630105,0.013221377823064068,0.018354097801942568,0.02691889870133402
South East,Manufacture of paper products,0.015145816488237809,0.012826730558737119,0.015538910464646657,0.008763965052567817,0.015534867243368082
South East,Printing and reproduction of recorded media,-0.025642185308896004,0.014149816660894798,-0.02618988612602497,0.012726951841015896,0.019031358719242143
South East,"Manufacture of coke, refined petroleum and chemicals",-0.005867390675613704,0.012307855569170034,0.02803470462668048,0.03953193846644161,0.041403592448313896
South East,Manufacture of pharmaceutical products,0.05276958416402992,0.016827454872738387,0.05745852268621296,0.018551284491567708,0.025046225140350542
South East,Manufacture of rubber and plastic products,0.008941327917223298,0.008867343085472877,0.008887593210266907,0.009225065318676224,0.012795765062290198
South East,Manufacture of other non-metallic mineral products,-0.014996677863229363,0.007796641233288701,-0.016270958295757317,0.015695678800807883,0.01752546568678697
South East,Manufacture of basic metals,0.07648231155979844,0.01592351538831987,0.08885097955947649,0.025875533644265154,0.03038258684999613
South East,Manufacture of fabricated metal products,0.0027724282806020862,0.010543002138532742,0.0028122762406734116,0.005985336046839413,0.012123495440123744
South East,"Manufacture of computer, electronic and optical products",0.01764491030518768,0.0032461722162952776,0.018952519341398376,0.006380039287203843,0.0071583891598677365
South East,Manufacture of electrical equipment,0.0036919928686469255,0.013787709393280646,0.0021647015953383565,0.011637778073233327,0.01804269405591609
South East,Manufacture of machinery and equipment,-0.003696619856666578,0.009878046054460835,-0.004155679138461273,0.005112135285819342,0.011122487178440282
South East,Manufacture of motor vehicles,-5.404026934635018e-4,0.00864184939681296,-4.7649594280893006e-4,0.004909331534673783,0.009938968614224464
South East,Manufacture of other transport equipment,0.0017125135868517492,0.012822001507246555,0.002207815198162478,0.013138238163469198,0.01835802344185973
South East,Manufacture of furniture,-0.035012323407002374,0.010761514852347165,-0.03157395788926336,0.02019113589457313,0.02287995128120705
South East,Other manufacturing,-0.03294866332062546,0.008366361926012474,-0.03288682845403072,0.010814579072664988,0.013673007437866576
South East,Repair and installation of machinery and equipment,0.013556960784384727,0.0060333734205334786,0.01349049549898659,0.005738182287575806,0.008326363599858498
South East,Water supply,0.030583561017417445,0.012459962773920715,0.030475854094296526,0.0014479227639838505,0.012543809336001271
South East,Sewerage activities,0.009314825588056025,0.003623320261672794,0.0092637218333286,0.005065337627645391,0.006227848344387397
South East,"Waste collection, treatment and disposal activities",0.03567622727881439,0.00960627432550687,0.03568493937384337,0.0080828935217991775,0.012554428465750066
South East,Remediation and other waste management services,0.10721057110293807,0.01623541306339206,0.10532046909330064,0.017685601268930543,0.024007688967965225
South East,Construction of buildings,0.007921038608389821,0.0068631528836450625,0.007419836329349462,0.008676701201229474,0.011062911517304227
South East,Civil engineering,-0.0012217195336363142,0.003994716089305301,-0.0011239033408539183,0.007754883665075467,0.008723300825548145
South East,Specialised construction activities,0.01561254924940435,0.003337086400806538,0.015499593101414223,0.007000096393925884,0.0077548368887231985
South East,Motor trades,-0.043771084754300325,0.01759722447689844,-0.043719681181239214,0.0035220538779504825,0.017946230044483983
South East,Wholesale trade,-0.01658124645314048,0.005401698493775592,-0.01679532083267532,0.002808543787372024,0.006088207028612241
South East,Retail trade,0.015923474354246316,0.003692573929473764,0.01586800073075744,0.0025931530261893024,0.004512155232465307
South East,Land transport,-0.017268571450894797,0.013876338965159989,-0.017529873561513004,0.007989895208894475,0.01601222059944005
South East,Water transport,-0.08333836716586489,0.016889956334377988,-0.0833957733649846,0.01147379068035921,0.02041858216316434
South East,Air transport,-0.04346151224740713,0.07272195877063245,-0.043591710074721166,0.007051698944848642,0.0730630532173844
South East,Warehousing and transport support activities,-0.014919067479068309,0.00419785767218479,-0.01460003664449948,0.0029584580917516017,0.005135609342285609
South East,Postal and courier activities,0.01021277582613643,0.009252924489619714,0.010033310724946069,0.005127095975258368,0.010578455688337254
South East,Accommodation,0.002751503739319007,0.014547526150602825,0.0022298927169654443,0.008732460132290645,0.01696721477038935
South East,Food and beverage service activities,-7.617601133490877e-4,0.00918880472778306,-0.0016442031869351092,0.007089938489973434,0.011606091509071222
South East,Publishing activities,-0.045316276654873124,0.0075281016669896976,-0.04548764169472448,0.006089224247988222,0.00968250828302361
South East,"Motion picture, video and TV programme production",0.013928162407555641,0.022641716403332523,0.01396396336355297,0.017239196203404836,0.028457638823845256
South East,Programming and broadcasting activities,0.03452201473235569,0.018995756912626182,0.06183016737487532,0.050522978351131086,0.05397601432259005
South East,Telecommunications,0.19311804087962683,0.013159734014581152,0.1930166048095318,0.0026684061325594525,0.013427545964278247
South East,Computer programming and consultancy,0.014265089481979161,0.002707206918434329,0.01404336813087804,0.004253035088279837,0.0050415549943800255
South East,Information service activities,-0.043661859878360236,0.004304667820363539,-0.04490394604133026,0.007084482912506442,0.008289756521229628
South East,Legal and accounting activities,0.017847632012503636,0.0026921235468220497,0.018651189590480975,0.006660349266568562,0.007183855618261973
South East,Head offices and management consultancy,0.020392246792689018,0.0059556942566386245,0.020102441368779332,0.008699649246576457,0.010542968798778482
South East,Architectural and engineering activities,0.002369225838162351,0.0041292766740153005,0.001453933964995375,0.0057904215862883135,0.007111955286524272
South East,Scientific research and development,0.0061900198601774585,0.008826730659455459,0.006401162456157191,0.011727865006206087,0.014678351124644903
South East,Advertising and market research,-0.003987765271152642,0.007128214640980065,-0.006251792455431039,0.014945368161572147,0.016558244878392667
South East,"Other professional, scientific and technical activities",0.034803439168249496,0.006100883305139632,0.03556145269738392,0.011330648208751634,0.012868735988177631
South East,Veterinary activities,0.05422466738352799,0.008482508002915954,0.05691940322486287,0.012908468914860414,0.015446084026233018
South East,Rental and leasing activities,0.029195418316483878,0.008650970087967823,0.029248379542342693,0.006335237387758661,0.010722617041663345
South East,Employment activities,0.001386835945167867,0.00743432685588432,0.0013347667949677746,0.009175538393949089,0.01180930652574302
South East,Travel agency and tour operator activities,-0.026607982242717602,0.029313160515535695,-0.025055171264954053,0.011565477830824117,0.03151224614122016
South East,Security and investigation activities,0.04646287591825442,0.015365844463397204,0.045892583441665163,0.013246798619789548,0.020287603351469903
South East,Services to buildings and landscape activities,0.0665042269345518,0.008949616913966866,0.06571311658687537,0.00885228327667827,0.012588032495879552
South East,Office administration and business support activities,0.012599477632949021,0.007565598404851971,0.013220528192697683,0.01028792183399444,0.01277026291373354
South East,Human health activities,-0.012809078229308412,0.011606566914308778,-0.013110951814275799,0.00773656550442621,0.013948721853295548
South East,Residential care activities,0.005574317713083073,0.003697214752394699,0.0054620826474998645,0.004514345790118052,0.0058351276625350345
South East,Social work activities,0.02165513223035994,0.00929522262325048,0.021995936564212254,0.012392717966370563,0.015491307956715317
South East,"Creative, arts and entertainment activities",0.005242484503464127,0.009953863450947403,0.0035832121172065267,0.01972196024514915,0.02209151677706513
South East,"Libraries, archives, museums and other cultural activities",0.0032062665538979507,0.004644200192757647,0.009501810454880147,0.03364101455615155,0.03396007149282243
South East,Gambling and betting activities,-0.07406443373994363,0.02237599325047535,-0.0726295736132897,0.008366354054100305,0.023888929530305015
South East,"Sports, amusement and recreation activities",0.022290323129502135,0.009380672611797414,0.0222910371883306,0.0086087811692907,0.01273216917380775
South East,Activities of membership organisations,0.019656530061673134,0.013920878845711455,0.031377179199620596,0.034617646536655854,0.03731182546557884
South East,"Repair of computers, personal and household goods",-0.027208951772432415,0.014919475005007595,-0.02691828868240085,0.011671157722120113,0.018942192507723343
South East,Other personal service activities,0.02020545075143335,0.00706450169595649,0.01987632988871097,0.011570672622796528,0.013556830350642632
South West,Agriculture and hunting,-0.004895858569316812,0.010558387878317482,-0.00466272844565961,0.015264847098293198,0.01856057950397217
South West,Forestry and logging,-0.056831466976533095,0.011085315864806893,-0.05451144377476955,0.011609762935172137,0.016052128308527695
South West,Fishing and aquaculture,0.002619550366050698,0.014128518302666461,9.598096344304076e-4,0.013157942091142258,0.01930664314433336
South West,"Mining and quarrying, excluding support activities",0.0034465351660396787,0.020828214299858743,0.0034465351660396787,0,0.020828214299858743
South West,Mining support service activities,-0.05921776446958029,0.04876440840524073,-0.10695432267967189,0.06414919140958414,0.08057968903896674
South West,Manufacture of food products,0.025629262102050323,0.009310294594341658,0.02532990485980214,0.004613332998988539,0.010390593187733993
South West,Manufacture of beverages and tobacco products,-0.08071571705058228,0.01591283255691524,-0.08071571705058228,0,0.01591283255691524
South West,Manufacture of textiles,0.04488808495120956,0.021679595305914935,0.04575520840561373,0.011704368501142981,0.024637311026952533
South West,Manufacture of wearing apparel,-0.03069871190274903,0.02178324323950871,-0.03141031927433657,0.00875605523932927,0.023477184443322575
South West,Manufacture of leather products,-0.055805116332945194,0.023421076802151452,-0.058719251334317414,0.01955678759401287,0.030512534794238457
South West,"Manufacture of wood products, except furniture",0.023554183662105058,0.0172973325460885,0.022913030078076168,0.012204966136839253,0.021169764089648362
South West,Manufacture of paper products,0.029151081977598418,0.007645066079987375,0.04458327604254489,0.029740668429729167,0.030707562488977574
South West,Printing and reproduction of recorded media,-0.01421917483297447,0.015777937077128483,-0.016018746986561236,0.012590094601192746,0.020185484400350874
South West,"Manufacture of coke, refined petroleum and chemicals",0.05144782806820513,0.01060284318251416,0.05155366127349632,0.0018292161360659452,0.01075947560178613
South West,Manufacture of pharmaceutical products,0.0014864946356136252,0.01792552711000325,-0.00310797453253929,0.018328097848012342,0.025636764477947993
South West,Manufacture of rubber and plastic products,-0.027974660639043848,0.011834402144404777,-0.027125003713095612,0.008880919023993367,0.01479607369629591
South West,Manufacture of other non-metallic mineral products,0.01482264726590012,0.00914457517401598,0.011322847578330726,0.014225683149687385,0.016911336913104445
South West,Manufacture of basic metals,-0.0015504083978602117,0.009322872831213401,9.76626119713142e-4,0.014046966694874737,0.016859217987614285
South West,Manufacture of fabricated metal products,0.004385316668812668,0.0054221148565435,0.0047078346939719885,0.0052612707722150855,0.007555150538282772
South West,"Manufacture of computer, electronic and optical products",0.021249243153688067,0.008403823200339692,0.023053501608138998,0.012409202233841758,0.014987079250572839
South West,Manufacture of electrical equipment,0.016321407781641793,0.013761934834760651,0.016795059754069395,0.008290615096712703,0.016066273652531854
South West,Manufacture of machinery and equipment,0.02036501888957275,0.0071239179944839704,0.02015428635308967,0.008500191398455861,0.01109069255738863
South West,Manufacture of motor vehicles,-0.011182390156044848,0.011193968585115083,-0.011514177143239242,0.004295069415774515,0.011989685315756416
South West,Manufacture of other transport equipment,0.05836092267809707,0.011214526483284077,0.05858874811902169,0.006191194511124404,0.012810015367627662
South West,Manufacture of furniture,0.03689854701531825,0.006863171840295906,0.038591796465152366,0.01576013808020907,0.017189679462301988
South West,Other manufacturing,-0.020138392917769664,0.006613136988953608,-0.018066297787347627,0.014133788343435552,0.0156044081519198
South West,Repair and installation of machinery and equipment,-0.004222867472681,0.005850876240290397,-0.0032755529235370955,0.009761472641615162,0.011380645891696831
South West,Water supply,0.027279788993996426,0.012266497321271982,0.027223298008665416,0.0010906484842019583,0.01231488817037592
South West,Sewerage activities,-0.041319325917255414,0.016077578201083385,-0.041415441944991346,0.007867367051759246,0.017899273313156
South West,"Waste collection, treatment and disposal activities",0.041178428277596386,0.007206810960097168,0.041527953613593856,0.006519704589308279,0.009718264873238644
South West,Remediation and other waste management services,0.047488447497897275,0.010940395719620133,0.0453309401440771,0.013420449583642127,0.01731475456161486
South West,Construction of buildings,0.018269879953345957,0.0076575618456168355,0.01756016494396289,0.012442588347688813,0.014610142306270946
South West,Civil engineering,0.002374675757577703,0.005545891869179214,0.002089959170954882,0.008351885077121346,0.010025512503910726
South West,Specialised construction activities,0.01557351101125016,0.006246117636101289,0.014595253378169405,0.007213200484866111,0.009541710892648565
South West,Motor trades,-0.022059201970117206,0.010718825334408419,-0.02253953259002743,0.006358356151347477,0.012462821089020496
South West,Wholesale trade,0.008402189849689053,0.0058799907153686696,0.00860027812838509,0.0038644514545389265,0.007036211754723545
South West,Retail trade,0.002826237119323849,0.006077674230837865,0.0031649510455264733,0.0026958620330902365,0.0066487439533830794
South West,Land transport,-0.026505375908464735,0.01103050445341053,-0.027298229736773927,0.0070849338095438745,0.013109855665960912
South West,Water transport,-0.09470014480101033,0.013930393839220649,-0.08680736707249787,0.021778968808128064,0.025853033765135026
South West,Air transport,-0.0230244019614047,0.07162617056664694,-0.01592768168818346,0.020731957868566894,0.0745662281941794
South West,Warehousing and transport support activities,0.008801853995384244,0.005283929122213366,0.008670405469890573,0.004598611761456737,0.007004793865716731
South West,Postal and courier activities,-0.02433945307994522,0.0059554318770682095,-0.02445858779482335,0.005083500689645654,0.007830015843153066
South West,Accommodation,0.005269139700389328,0.014620907671435117,0.005219598871812208,0.008102127858226473,0.016715723644750765
South West,Food and beverage service activities,-0.013042625167593984,0.009230898269475677,-0.013354874635711965,0.0048763139467376745,0.010439727993034944
South West,Publishing activities,0.006091927697818333,0.009483327270242264,0.007108322858265428,0.012839840053756973,0.015962298979801826
South West,"Motion picture, video and TV programme production",0.03048101777140934,0.00998828386759404,0.025497238488708947,0.02474557444514436,0.026685375568648476
South West,Programming and broadcasting activities,0.12115039851053495,0.021043747893089965,0.14319729869443787,0.05222215950196265,0.05630269326094762
South West,Telecommunications,0.2146866040941362,0.006728962473546046,0.21603896914803922,0.007249878894289897,0.009891394237025487
South West,Computer programming and consultancy,0.004905844502539285,0.009362415231087171,0.004671228916448153,0.006034140085378339,0.01113847680471898
South West,Information service activities,0.041826075125027194,0.009601034005600865,0.042740499772398355,0.016244204590520887,0.01886939418093236
South West,Legal and accounting activities,0.03988748164457344,0.006043560126178123,0.03934100024099288,0.005436427897733831,0.008128921655791056
South West,Head offices and management consultancy,0.005661033062919004,0.005991564418326377,0.004423942624665418,0.00876264898370376,0.010615218386380906
South West,Architectural and engineering activities,0.017045793510295535,0.005686279900758675,0.017362655418748943,0.00531990782174919,0.007786860621693463
South West,Scientific research and development,-0.022488614270501067,0.014222183820758136,0.031640585586041076,0.04996374550944879,0.05194849736002379
South West,Advertising and market research,0.033827962923053886,0.0065674689121823,0.03243894413931325,0.015121985715496585,0.01648654299397432
South West,"Other professional, scientific and technical activities",0.030356646594132813,0.007018612498266107,0.02965291005917141,0.012600216966803924,0.014423119947201114
South West,Veterinary activities,0.0632132720073041,0.004674299560645958,0.06342114620677139,0.006917610718377234,0.00834879718484421
South West,Rental and leasing activities,0.015678476458621596,0.010177727218819387,0.015836083049811607,0.0019548914111031748,0.010363770152309534
South West,Employment activities,0.034795731154138754,0.004038142944418419,0.03426168398121263,0.007381193705379334,0.008413597266085877
South West,Travel agency and tour operator activities,-0.05683772653992922,0.0338969513122069,-0.05728090749648345,0.01918902032969684,0.03895153154210555
South West,Security and investigation activities,0.0067729816753797235,0.009369440964885185,0.006101990461187143,0.010986780868960114,0.014439382876598867
South West,Services to buildings and landscape activities,0.05304949420230292,0.009333292073825031,0.05437280581564652,0.014264510969793259,0.017046601249007892
South West,Office administration and business support activities,0.02188400976027589,0.015269578775779972,0.022659758444060454,0.013146299731768613,0.02014907523007569
South West,Human health activities,-0.015061871209939489,0.011707601507084164,-0.01575809321390493,0.008430672931169446,0.014427202747623415
South West,Residential care activities,-0.006877425368321072,0.005666604976817376,-0.0068730722790508805,0.0042032208827623265,0.007055315567186259
South West,Social work activities,0.010527865137271431,0.008333508841664818,0.010416448959337635,0.01353029020583134,0.015890755887248448
South West,"Creative, arts and entertainment activities",0.0024797142928489066,0.0292680194262234,0.006093508538507917,0.03133725021287538,0.042879368139446136
South West,"Libraries, archives, museums and other cultural activities",0.03405080753711767,0.014531937372131544,0.1264931979454767,0.09042264241086624,0.09158292124818326
South West,Gambling and betting activities,-0.046028244519995265,0.018401902919348106,-0.045971043174092556,0.004275140832522175,0.018891978726195167
South West,"Sports, amusement and recreation activities",-0.01798376309502908,0.018679204605001675,-0.019127061230611524,0.012749393611725737,0.02261547528004284
South West,Activities of membership organisations,0.01041155775172892,0.006742759777614541,0.004675467193622456,0.02976731360231749,0.030521431298635594
South West,"Repair of computers, personal and household goods",0.0030140458139761867,0.016803545036721705,0.0035453556140320765,0.013734134873886167,0.02170220234297042
South West,Other personal service activities,0.030824448183121578,0.007080973170451684,0.02889970854957937,0.012856654454337197,0.014677661421319306
Wales,Agriculture and hunting,0.03671601330936286,0.016246899148517097,0.03395728406639052,0.015953462070517035,0.022770039173824697
Wales,Forestry and logging,-0.09043382002243444,0.009384007530402215,-0.09191223260615448,0.013643324398898971,0.01655898239579466
Wales,Fishing and aquaculture,-0.016441692818347384,0.0160338158405108,-0.01638211699563781,0.01374335063270569,0.021117834572249753
Wales,"Mining and quarrying, excluding support activities",-0.041013600589688205,0.021229793713022815,-0.041013600589688205,0,0.021229793713022815
Wales,Mining support service activities,0.03197695281873601,0.04592761313889124,0.03197695281873601,0,0.04592761313889124
Wales,Manufacture of food products,0.0289588208301598,0.00874225226967479,0.028866763820853555,0.004277362656031178,0.009732564206715727
Wales,Manufacture of beverages and tobacco products,0.016948591162473554,0.012087601472000005,0.016948591162473554,0,0.012087601472000005
Wales,Manufacture of textiles,0.08933625400919047,0.015590400258952017,0.09632419101822878,0.0180358125087184,0.023840115626480803
Wales,Manufacture of wearing apparel,0.0416113378130592,0.018901037281503975,0.041895020328622065,0.008592537083888838,0.02076248790137656
Wales,Manufacture of leather products,0.0675913265710442,0.023817361204324684,0.0671187860487146,0.0031624307027332045,0.024026395124671956
Wales,"Manufacture of wood products, except furniture",0.03185873492585509,0.011653183046514847,0.0321284306202783,0.010503493138147973,0.015688213512656646
Wales,Manufacture of paper products,-0.01617993589731716,0.00785361052993275,-0.01579217196528266,0.005696641362804595,0.009702109109481646
Wales,Printing and reproduction of recorded media,-0.04749540652670064,0.04575519962870166,-0.05006677532882123,0.018051782890568174,0.049187449197844665
Wales,"Manufacture of coke, refined petroleum and chemicals",0.02369669919032031,0.02611178838720314,0.02369669919032031,0,0.02611178838720314
Wales,Manufacture of pharmaceutical products,0.07667784973941713,0.013072512064105847,0.07872280579139074,0.02514051394147616,0.028336125580392075
Wales,Manufacture of rubber and plastic products,-0.01685995606468232,0.00845397150961487,-0.017337363928359995,0.008445655104104274,0.011949842025017005
Wales,Manufacture of other non-metallic mineral products,-0.0023209805236591324,0.008845605753621668,-0.0019081723174326263,0.008043674209961722,0.011955979087657694
Wales,Manufacture of basic metals,-0.02740376343715566,0.021867182897990983,-0.026164355824543302,0.008429609498180644,0.023435699353465143
Wales,Manufacture of fabricated metal products,-0.010632167348329679,0.011395598941191205,-0.011240698527700876,0.008237488794390848,0.0140611484902974
Wales,"Manufacture of computer, electronic and optical products",0.03805528944535914,0.007604926147341106,0.03991278218310858,0.010127635978320686,0.012665066609216393
Wales,Manufacture of electrical equipment,-9.406701779884246e-4,0.014814285108010488,-7.918628142573202e-4,0.0033407682881693964,0.015186302249614933
Wales,Manufacture of machinery and equipment,0.029210505799341327,0.00997205035377987,0.03103689214438307,0.011127865259451388,0.014942261324539413
Wales,Manufacture of motor vehicles,-0.06402462273203176,0.01271056532024988,-0.06351629385816518,0.0042185461244001205,0.013392333708656988
Wales,Manufacture of other transport equipment,0.04467694727271303,0.005848962616105911,0.04556048140506276,0.008158324344635592,0.010038357425240362
Wales,Manufacture of furniture,0.0038898915863340793,0.012496052373320906,0.00699618197860438,0.01888525337643044,0.022645178736516
Wales,Other manufacturing,-0.046763344463334786,0.009483215961488852,-0.04306376845433364,0.01778886886728554,0.02015875096700482
Wales,Repair and installation of machinery and equipment,-0.13599395465860206,0.02440674983239131,-0.136907714663377,0.007601481248637983,0.025563097514861695
Wales,Water supply,-0.0018580930772894477,0.005822244188567927,-0.0018580930772894477,0,0.005822244188567927
Wales,Sewerage activities,0.015689861343665873,0.013711715667967883,0.014327593595646166,0.007878986918165251,0.015814220860219927
Wales,"Waste collection, treatment and disposal activities",0.033538967565378774,0.008696983508726852,0.034067166427872095,0.0067432832669110255,0.011004971211632908
Wales,Remediation and other waste management services,-0.019016526790611724,0.023405250057528464,-0.019043338577101627,0.0035907935988497746,0.023679094765741714
Wales,Construction of buildings,0.02122443020109015,0.00781729213984317,0.017947063684227015,0.01501012258168822,0.016923765429624708
Wales,Civil engineering,-0.00419017176141571,0.006048607040618166,-0.003378660424039658,0.01238229478441772,0.013780670203587121
Wales,Specialised construction activities,0.014261888182216676,0.005496166636961491,0.014257967320445904,0.009264942240717944,0.010772511426082973
Wales,Motor trades,0.006200646703347921,0.006453499519024682,0.006968746297769974,0.008911136783218124,0.011002545833182194
Wales,Wholesale trade,0.0020584656835046095,0.005589624478859116,0.002224652639407308,0.006217199192215004,0.008360470537615688
Wales,Retail trade,-0.015017859625524144,0.008537562748796652,-0.015373676847056645,0.003010152201903037,0.009052678828295078
Wales,Land transport,-0.027513755366547866,0.00775234857069615,-0.027573392505282728,0.011965437292184052,0.014257299812894567
Wales,Water transport,0.014848740581524729,0.02062687058168262,0.014521736442960308,0.005438203633483855,0.02133170993504086
Wales,Air transport,-0.018846213479177067,0.06252499297288863,-0.018664394616718274,0.0038543545504443315,0.06264368120776671
Wales,Warehousing and transport support activities,-0.0034178971844741578,0.006764173738258563,-0.003614073647604651,0.006828253717974106,0.009611404434231972
Wales,Postal and courier activities,-0.03845655175680672,0.0068129178269585545,-0.038554156053462324,0.012500331819001275,0.014236366983961371
Wales,Accommodation,-0.02425318865990468,0.018616341120649294,-0.024226975616080997,0.008602189278263644,0.020507701409457176
Wales,Food and beverage service activities,-0.0022249467336944036,0.008897637629228235,-0.003060120286120669,0.008786932260277776,0.012505124306769947
Wales,Publishing activities,-0.11831323364154304,0.025817933376423758,-0.11519384881675765,0.022382733331270496,0.03416946641679122
Wales,"Motion picture, video and TV programme production",-0.0513236956778914,0.014924002841183203,-0.05155022204793981,0.013195658357528771,0.01992112597952895
Wales,Programming and broadcasting activities,-0.007205819382162677,0.01610294915310019,-0.007205819382162677,0,0.01610294915310019
Wales,Telecommunications,0.2461369916097904,0.014883761672954701,0.2458496394142738,0.0025695332763612582,0.01510393534134873
Wales,Computer programming and consultancy,0.014841966315744434,0.006505356183667607,0.012704571175665827,0.013118217260798513,0.014642652873639202
Wales,Information service activities,-0.03980705882160289,0.0156214756622384,-0.039663255349980484,0.0011814763510742089,0.015666090394034316
Wales,Legal and accounting activities,0.023951487074360345,0.002763511598097132,0.02299315292564781,0.007866935718869868,0.008338205679739972
Wales,Head offices and management consultancy,0.03148117967152803,0.005349080638406784,0.030690343002743842,0.016551439854898445,0.017394333127386603
Wales,Architectural and engineering activities,0.004766153143034283,0.010334097675505324,0.004736896716572175,0.010127575476466194,0.014469324787231917
Wales,Scientific research and development,0.01720212863376226,0.014865375665512139,0.01666347029855411,0.049011210725368175,0.05121599525971593
Wales,Advertising and market research,0.006159555614723898,0.008235058058233997,-9.453839119013727e-4,0.027361956709432887,0.028574339120815445
Wales,"Other professional, scientific and technical activities",0.013371293279390038,0.011343834216951808,0.009512294022666934,0.023629694302639115,0.026211543784711768
Wales,Veterinary activities,0.02210736764481852,0.014925080483863653,0.024458106267108887,0.013454565029860886,0.020094361089434097
Wales,Rental and leasing activities,0.00875389483648874,0.007425298174739208,0.00991059413719566,0.012438411589901251,0.014486170503745122
Wales,Employment activities,0.03460907554178437,0.007518232400051516,0.03412149633165899,0.007150386960013278,0.010375541050909697
Wales,Travel agency and tour operator activities,0.014831580329310479,0.025343889570855257,0.016496890992252572,0.022830294015997007,0.034110629771913835
Wales,Security and investigation activities,0.05142823161135085,0.01431641291461666,0.05242959292778854,0.015515829637182598,0.02111162352998643
Wales,Services to buildings and landscape activities,0.011368125261152665,0.011572395076548789,0.006969003345373893,0.018472179255728003,0.02179774608218654
Wales,Office administration and business support activities,-0.007902371936433155,0.015937030326112153,-0.008389915720543702,0.01749455366410095,0.023665340553677364
Wales,Human health activities,-0.029344213651742793,0.011796973136610765,-0.028747907789898695,0.018808466764022046,0.022201959309917627
Wales,Residential care activities,0.01722975202868598,0.007376395264520688,0.017198849840395755,0.005136401576183161,0.008988538716068374
Wales,Social work activities,0.013651900735329923,0.005032638589542076,0.015866907962830953,0.014317155273373752,0.015175914677370913
Wales,"Creative, arts and entertainment activities",-0.08279809377837419,0.021083133594840528,-0.07950552588770543,0.03652290034038793,0.04217132641323725
Wales,"Libraries, archives, museums and other cultural activities",-0.05382960242974468,0.0082947700258712,-0.014532519587050846,0.04661974290259915,0.047351912718353144
Wales,Gambling and betting activities,-0.07545726065136965,0.019033978312020312,-0.0749539454683595,0.004400064722949553,0.019535938675902028
Wales,"Sports, amusement and recreation activities",-0.015422373923261769,0.013149579277214924,-0.016477318097986547,0.015541673292509795,0.02035816897215642
Wales,Activities of membership organisations,0.009045623675814877,0.013529728389830893,0.027746110242218194,0.047069875334431514,0.04897577681161903
Wales,"Repair of computers, personal and household goods",0.04678859117895561,0.016051799890880184,0.04792349273497829,0.018596925725075965,0.02456635760874724
Wales,Other personal service activities,0.013781085641761587,0.010421421664231162,0.009949134963821087,0.024617573590591593,0.02673258234798687
Scotland,Agriculture and hunting,0.022202315251829995,0.00868409053913259,0.020741718788691847,0.01401091037094606,0.01648390238731521
Scotland,Forestry and logging,-0.05852977745005792,0.009510776246665532,-0.058943362534913696,0.011325438547386235,0.01478919954239442
Scotland,Fishing and aquaculture,0.04311598057019157,0.010599875449463848,0.043464419036480025,0.009360233341416503,0.014141121870272938
Scotland,"Mining and quarrying, excluding support activities",-0.05554269808045694,0.017330238889502907,-0.05554269808045694,0,0.017330238889502907
Scotland,Mining support service activities,-0.05169309395236145,0.02128129865014025,-0.05198397240245685,0.03250446567214761,0.038851434476326406
Scotland,Manufacture of food products,-0.004460552337356546,0.0072248135201010465,-0.004629281193115519,0.004335276076561412,0.008425707629643968
Scotland,Manufacture of beverages and tobacco products,0.05080973582516142,0.00401457718105665,0.05080973582516142,0,0.00401457718105665
Scotland,Manufacture of textiles,0.03661375375367943,0.012513805897875341,0.03659769321279491,0.009241609458459714,0.015556435434648637
Scotland,Manufacture of wearing apparel,-0.02051027016840046,0.01838370469940962,-0.020651404025013597,0.003933842069737708,0.018799885954567216
Scotland,Manufacture of leather products,-0.022266282698181646,0.017136382011234762,-0.02218995078813108,0.002152133682187705,0.017270994986420936
Scotland,"Manufacture of wood products, except furniture",0.0023289461168938385,0.013431271153408407,0.0034196745936182216,0.00766437450259989,0.01546420645595771
Scotland,Manufacture of paper products,0.011421343428942318,0.01023110324669658,0.011330660674494251,0.005622128038321444,0.011674065158454677
Scotland,Printing and reproduction of recorded media,-0.01729184011098564,0.010645015815508207,-0.017217431293996,0.007340178830204554,0.012930374587451167
Scotland,"Manufacture of coke, refined petroleum and chemicals",0.04485625776692471,0.02081363358171715,0.04617784930805442,0.011242420802295497,0.02365585272971301
Scotland,Manufacture of pharmaceutical products,0.06251132967870517,0.007724104120197744,0.06258586630589363,0.011948748551816154,0.014227943506149594
Scotland,Manufacture of rubber and plastic products,-0.032085081061132344,0.007082208878387303,-0.03165505468319793,0.004443334877971157,0.008360676254640105
Scotland,Manufacture of other non-metallic mineral products,-0.01620758206696829,0.0053185792711210305,-0.016281042088166053,0.00509585536443384,0.0073658012027496
Scotland,Manufacture of basic metals,-0.01625471015271522,0.026752321882895624,-0.017227881328160118,0.012456221430627164,0.029510069102848126
Scotland,Manufacture of fabricated metal products,-0.03480385500329168,0.0036944881882611763,-0.03455607820609434,0.00427504395009829,0.0056502428043822455
Scotland,"Manufacture of computer, electronic and optical products",0.012644129362482288,0.0063662745895614525,0.012407283961979196,0.008135155663403126,0.010330063398522576
Scotland,Manufacture of electrical equipment,-0.0036994683528628553,0.024188297398607984,-0.00544245466258055,0.010478272460142884,0.02636034758481941
Scotland,Manufacture of machinery and equipment,-0.012451172161064894,0.010772827553614393,-0.012413827544584732,0.003774395841864447,0.011414897173036518
Scotland,Manufacture of motor vehicles,0.02900932260416808,0.010284045214308132,0.029383844275136503,0.003896435058222632,0.010997444800174285
Scotland,Manufacture of other transport equipment,0.030261085439049047,0.010380539162937685,0.03146610136701526,0.015241711322682887,0.01844086107960479
Scotland,Manufacture of furniture,-0.028990062441816563,0.006866278457557776,-0.02713813388851929,0.013979980580495408,0.015575160894441853
Scotland,Other manufacturing,-0.0022169568767477386,0.013100876642929492,-0.005225891848868448,0.017246200109857033,0.021657894335380075
Scotland,Repair and installation of machinery and equipment,-0.030535169258895503,0.008982930596291312,-0.03036210076072475,0.003453604774068737,0.009623950749731472
Scotland,Water supply,0.022305829720601637,0.0064312464907819375,0.022305829720601637,0,0.0064312464907819375
Scotland,Sewerage activities,0.03768599082443248,0.011019127093609651,0.0380935956326893,0.003841211602624586,0.01166945022189392
Scotland,"Waste collection, treatment and disposal activities",0.04741078477941186,0.0057808963903713114,0.04823978479288395,0.005251477688324484,0.007810043597008786
Scotland,Remediation and other waste management services,0.07835732909829471,0.019789731933670923,0.07563411287342359,0.025610747897192563,0.032365782824768936
Scotland,Construction of buildings,0.01005605663000423,0.010414757011231016,0.010172655277416703,0.006990578327023338,0.012543338827809525
Scotland,Civil engineering,-0.02392428589566511,0.002852745923990065,-0.02375657561291339,0.005391069684887618,0.006099327147657863
Scotland,Specialised construction activities,-0.001868986315447382,0.007485788791530211,-0.001974093766795063,0.003982327607673761,0.008479148955304416
Scotland,Motor trades,-0.026151579552165134,0.008791870970600064,-0.026300815640246288,0.0051417245803075835,0.01018500499869388
Scotland,Wholesale trade,-0.01926021845138635,0.008853756552859965,-0.019102760812871596,0.0044211895135906,0.009896257970182176
Scotland,Retail trade,-0.02040622036832448,0.004014867676344286,-0.02069567983788794,0.0030349445783590993,0.005032896884724091
Scotland,Land transport,-0.029933802764113473,0.017862829962158537,-0.02966475828816705,0.00411580902554452,0.01833086408742759
Scotland,Water transport,-0.08164128705574282,0.01677435951170095,-0.08124098300148799,0.019673718679963238,0.025854097232858985
Scotland,Air transport,-0.012457486476395224,0.04223638219057343,-0.013331901038529489,0.010565591952786054,0.04353784231976782
Scotland,Warehousing and transport support activities,-0.015212207238801826,0.007129829805159278,-0.015181053106848325,0.0022138257149939755,0.007465621028883409
Scotland,Postal and courier activities,-0.04290983774994766,0.005269338627058425,-0.04306743068085274,0.0032246934229767485,0.006177748557427655
Scotland,Accommodation,-0.030006000859653804,0.016183427144239704,-0.030879101865087907,0.00515067308628044,0.016983307904370342
Scotland,Food and beverage service activities,-0.010373849208187444,0.010518392963597367,-0.0107245585196318,0.004119015872329347,0.011296144576498465
Scotland,Publishing activities,-0.06005260774409259,0.0045319786989413005,-0.06072632852472053,0.007509596652939704,0.008771138627196636
Scotland,"Motion picture, video and TV programme production",-0.0309695541390111,0.015579640712963173,-0.03013853670166071,0.012854613755862183,0.020198175649236764
Scotland,Programming and broadcasting activities,0.05960614072922422,0.013756968644532285,0.08684505906099171,0.04139803115362202,0.04362397471211105
Scotland,Telecommunications,0.22645584032401583,0.009458928829631284,0.22683325914806973,0.003403108093744591,0.010052486224896793
Scotland,Computer programming and consultancy,0.040905515625764756,0.007096384746292279,0.04075422354919486,0.00484887311024862,0.008594780212821144
Scotland,Information service activities,-0.0037652360221614653,0.01218586840741862,-0.0034554167488666243,0.006636943232353895,0.01387603705358311
Scotland,Legal and accounting activities,-8.936838051241695e-4,0.004626485204890357,-7.642226275546799e-4,0.0038441226503444265,0.006015117979055808
Scotland,Head offices and management consultancy,0.027954576215245493,0.008134966115876243,0.028060908926368287,0.006108248394621675,0.010172923481323001
Scotland,Architectural and engineering activities,-0.011179793171040227,0.008738964258768675,-0.01113452287243685,0.0033128423145383046,0.009345823693876952
Scotland,Scientific research and development,0.014207005063054255,0.009545798729868243,0.01344156648719887,0.00783265297375881,0.012347984693806796
Scotland,Advertising and market research,-0.022013904569351497,0.0159070613782331,-0.020831176587827644,0.016488849617589982,0.022911062031306457
Scotland,"Other professional, scientific and technical activities",0.023391001694367308,0.0072031981784853386,0.023415396617433692,0.009976587350631559,0.012305216745889368
Scotland,Veterinary activities,0.04295788249558626,0.006555752542613585,0.04447446723253884,0.00969566282645516,0.011704006538117148
Scotland,Rental and leasing activities,-8.006411371794853e-4,0.005376040090610619,-0.0010922893529154139,0.005313992000429396,0.007559121512218219
Scotland,Employment activities,0.003856120749556004,0.005493952984130209,0.0035887296150047513,0.0067414458901025156,0.008696586231448138
Scotland,Travel agency and tour operator activities,-0.043593444170675254,0.029756181021996567,-0.043410469802658044,0.01172475265121093,0.031982809972638526
Scotland,Security and investigation activities,0.04254433980247288,0.007282485785774131,0.04249445448181234,0.006146713757890313,0.009529779076213694
Scotland,Services to buildings and landscape activities,0.026722489119259615,0.005456747422023694,0.02694909669496559,0.008256897091617347,0.009897092603857014
Scotland,Office administration and business support activities,0.027363318635584125,0.006231614394197339,0.027748730101958455,0.006481902504683683,0.008991555929770557
Scotland,Human health activities,-0.01908845875108965,0.011338750079766808,-0.0179572438167704,0.008716271045934991,0.014301770321104183
Scotland,Residential care activities,0.009299456111233406,0.0036012381424061087,0.009703694785251576,0.004001954955318993,0.005383731013221486
Scotland,Social work activities,0.021278558975248208,0.006104836348096863,0.0214616174695198,0.00686604930088837,0.009187581827623323
Scotland,"Creative, arts and entertainment activities",0.04669483301174898,0.022870899811157315,0.056595056734013674,0.027360086935038934,0.03566023577130252
Scotland,"Libraries, archives, museums and other cultural activities",0.005270608913222844,0.006222680552498342,0.01191187160354165,0.038640999149655825,0.039138837087248045
Scotland,Gambling and betting activities,-0.09900049836288474,0.015952773419929796,-0.09911879637010074,8.35880832880106e-4,0.01597465732197079
Scotland,"Sports, amusement and recreation activities",-0.014819504153091098,0.01356766440150622,-0.015391157945997548,0.011352708433471559,0.017690831130484384
Scotland,Activities of membership organisations,0.04843434258830698,0.01290621081227258,0.05822413186517948,0.038028400391033466,0.04015880369024426
Scotland,"Repair of computers, personal and household goods",-0.036191947289883654,0.021225404562850547,-0.03708951902758018,0.012070545807173687,0.024417532122222245
Scotland,Other personal service activities,2.880612894267149e-4,0.009055342947815815,-5.776060862374244e-4,0.009217141546244229,0.012921104216980027
Northern Ireland,Agriculture and hunting,0.02939836743086079,0.012206941940906916,0.030547950895700796,0.014444671491353617,0.018911847240335785
Northern Ireland,Forestry and logging,-0.04975218756702343,0.023451598318861865,-0.053812757459032176,0.02299800465708567,0.03284639526518213
Northern Ireland,Fishing and aquaculture,-0.052273326279933585,0.014649345227063576,-0.05805616911299947,0.035302844235329235,0.03822164474071738
Northern Ireland,"Mining and quarrying, excluding support activities",0.015025080656658533,0.010693665914827215,0.015025080656658533,0,0.010693665914827215
Northern Ireland,Mining support service activities,0.14773698930841486,0.04096673715539318,0.14769758868387217,3.7120297181753774e-4,0.040968418871190994
Northern Ireland,Manufacture of food products,0.037174918810595294,0.015135052441071325,0.03783328619919621,0.004775495258589824,0.015870575520717356
Northern Ireland,Manufacture of beverages and tobacco products,-0.3784125464432082,0.065276810463626,-0.3784125464432082,0,0.065276810463626
Northern Ireland,Manufacture of textiles,0.10496868307024716,0.01920606378315747,0.10500787624036653,0.00293705439565171,0.01942933798578145
Northern Ireland,Manufacture of wearing apparel,0.05403581896724707,0.021511981870704116,0.05424685329671987,0.0042771774429112,0.02193307116852656
Northern Ireland,Manufacture of leather products,NA,NA,NA,NA,NA
Northern Ireland,"Manufacture of wood products, except furniture",0.023787916864524035,0.014108811301079693,0.02418820701975219,0.0036340792012342616,0.014569320092932185
Northern Ireland,Manufacture of paper products,0.005942771523155435,0.01870128414709935,0.005913972074209241,0.00402876651612694,0.019130315951181125
Northern Ireland,Printing and reproduction of recorded media,-0.009170448084657402,0.012378711630509595,-0.008808638682286409,0.007600139936982023,0.014525654157146335
Northern Ireland,"Manufacture of coke, refined petroleum and chemicals",0.04256375163432272,0.022838626161930446,0.04256375163432272,0,0.022838626161930446
Northern Ireland,Manufacture of pharmaceutical products,0.01988978474150682,0.009525557365085835,0.021409806363165182,0.011350645833334823,0.014818009446256341
Northern Ireland,Manufacture of rubber and plastic products,-0.006382657623364593,0.010781167280785257,-0.006366490981093823,0.007405256113153341,0.013079426059184307
Northern Ireland,Manufacture of other non-metallic mineral products,-0.011319855769345752,0.010145596878607959,-0.006938765282785255,0.015641433541373442,0.018643700792826026
Northern Ireland,Manufacture of basic metals,0.08296352688994588,0.012707860433025303,0.08425508296806278,0.008211316339410489,0.015129951513839023
Northern Ireland,Manufacture of fabricated metal products,0.042498252323002216,0.010003680159467933,0.04248543546410613,0.002934145748004435,0.010425105659103167
Northern Ireland,"Manufacture of computer, electronic and optical products",0.007150122309122555,0.010874996634605867,0.007967095512688033,0.006952810535339744,0.012907638286806005
Northern Ireland,Manufacture of electrical equipment,-0.005946874936178336,0.025266067221138465,-0.005970811826275262,0.002081967508124231,0.0253517009592645
Northern Ireland,Manufacture of machinery and equipment,0.010135853197127785,0.005221802331050685,0.010495894805334832,0.0030317106289528754,0.00603808652822003
Northern Ireland,Manufacture of motor vehicles,-0.034029097736725425,0.016751734057204537,-0.03381480591739153,0.005503696427245333,0.017632676152149435
Northern Ireland,Manufacture of other transport equipment,0.008385600652179217,0.017137262813098752,0.009456820743067071,0.007199520048024019,0.01858813776705771
Northern Ireland,Manufacture of furniture,0.03196331456944111,0.007898136136281382,0.032253360841462325,0.005204924176766886,0.009458952907860693
Northern Ireland,Other manufacturing,-0.009969505683268926,0.009918985421037725,-0.009561359769668671,0.009027687868278213,0.01341213704186684
Northern Ireland,Repair and installation of machinery and equipment,0.06680579332532162,0.0111953794186973,0.06657995206741418,0.007194571054180372,0.013307831265170187
Northern Ireland,Water supply,-0.041317318887063366,0.010389273279624982,-0.041317318887063366,0,0.010389273279624982
Northern Ireland,Sewerage activities,0.07412562142473726,0.017838834320326395,0.07383680411206253,0.003382987156451848,0.018156778679291462
Northern Ireland,"Waste collection, treatment and disposal activities",0.01790128257389372,0.008579413494280435,0.018507055834164173,0.006947159223838675,0.011039445510858233
Northern Ireland,Remediation and other waste management services,0.09352526078476724,0.02988795734388144,0.09387310918663519,0.011907463893057304,0.032172623308554436
Northern Ireland,Construction of buildings,0.02911966806810109,0.006450521860694107,0.029819247678969367,0.00779436828810323,0.010117381542962676
Northern Ireland,Civil engineering,0.05844018273237129,0.003412363969544806,0.05834022520029629,0.007158362828895047,0.007930093710086525
Northern Ireland,Specialised construction activities,0.03823312504262286,0.0064439363117485046,0.037946933519131566,0.004727031981774029,0.007991817474553922
Northern Ireland,Motor trades,0.019068034180511957,0.012124271330396473,0.01850052390641851,0.005681877707817506,0.013389611255733581
Northern Ireland,Wholesale trade,-0.007429725665425955,0.00881351887723391,-0.00656539031872316,0.00865720505907296,0.01235416182645334
Northern Ireland,Retail trade,0.02115083278010795,0.005908582833953377,0.021174309576653137,0.0037116084034183637,0.006977634846136213
Northern Ireland,Land transport,-0.025664664048281844,0.014049382903837539,-0.026480157320915708,0.007126828141327838,0.015753629401971628
Northern Ireland,Water transport,-0.040032053832462854,0.03145095077840752,-0.03291717484647101,0.011595373243719917,0.03352036672721509
Northern Ireland,Air transport,-0.06957787016167337,0.052615182512050954,-0.06962960622118625,0.0012821358188951988,0.05263080184677531
Northern Ireland,Warehousing and transport support activities,0.025210838961140764,0.01085199241043642,0.02576479396158375,0.006283069940092313,0.012539645415571418
Northern Ireland,Postal and courier activities,0.05367181501421154,0.02920175271367101,0.055911915089434834,0.015823712076489752,0.03321343441184666
Northern Ireland,Accommodation,0.007529088346086333,0.012663701125312447,0.007666116710952672,0.005240714290353457,0.013705269514473426
Northern Ireland,Food and beverage service activities,-0.0026749447175721886,0.007979927913526991,-0.003065715960822326,0.007330994081989082,0.010836176619788281
Northern Ireland,Publishing activities,-0.08698565710792024,0.011359512332341616,-0.0873113071471252,0.004741120117673831,0.012309213638524306
Northern Ireland,"Motion picture, video and TV programme production",0.010362602155005141,0.02406742488978883,0.008195116135240241,0.016045288067953998,0.028925632404655458
Northern Ireland,Programming and broadcasting activities,-0.06597056539098284,0.017544752740441663,-0.06597056539098284,0,0.017544752740441663
Northern Ireland,Telecommunications,0.08475380253476408,0.02886590761941373,0.08714289572631945,0.015671637527971297,0.032845712741553436
Northern Ireland,Computer programming and consultancy,0.08820933994997805,0.005406109139783526,0.08785512678338701,0.006782339107659228,0.00867330039849507
Northern Ireland,Information service activities,0.17746814979179604,0.010775673394199521,0.17546289526963446,0.014734991784626752,0.01825472870221514
Northern Ireland,Legal and accounting activities,0.040733176284362106,0.0054713209460467175,0.04060492650822531,0.00346783385503157,0.006477748415981642
Northern Ireland,Head offices and management consultancy,0.04934690977629939,0.007762745333151233,0.04938624205059915,0.00936859810418863,0.01216679273864596
Northern Ireland,Architectural and engineering activities,0.03398679346988919,0.005890220689362694,0.034152624195716,0.005217771019996632,0.007868915693188804
Northern Ireland,Scientific research and development,0.05934782713533305,0.008951195633808674,0.05855471102060354,0.006746678138707908,0.011208995012133545
Northern Ireland,Advertising and market research,-0.010284554423380917,0.011812838064574041,-0.012342296249026262,0.011501974422251992,0.016487527369196037
Northern Ireland,"Other professional, scientific and technical activities",0.05046257983525132,0.009904851784186042,0.051477131509904156,0.017452684517343563,0.020067443427816536
Northern Ireland,Veterinary activities,0.07786617801260164,0.010812609778173417,0.07812044893061554,0.012626098556717438,0.016623203511326977
Northern Ireland,Rental and leasing activities,0.05018118698015338,0.005883213830601518,0.05011569004237511,0.01652360739646028,0.0175397208178733
Northern Ireland,Employment activities,0.033649011036106465,0.012090075938682202,0.03262548678460833,0.010622009721103085,0.016093384563798593
Northern Ireland,Travel agency and tour operator activities,0.015726776533108815,0.03699911060694507,0.010345418313011466,0.029324020517451293,0.04721051117084902
Northern Ireland,Security and investigation activities,0.04115249601630923,0.009982987367467454,0.040561634607316197,0.016026223365587965,0.018881204202664946
Northern Ireland,Services to buildings and landscape activities,0.04837787403231772,0.009927203692771546,0.04864782099648646,0.008269322354578095,0.012920180546791985
Northern Ireland,Office administration and business support activities,-0.0021092100060823757,0.011923092981379915,-0.002287280464307387,0.009144349977105103,0.015025953638502053
Northern Ireland,Human health activities,-0.01233204034879465,0.0108396816163552,-0.012145097631874945,0.01129157640869081,0.015652424583343365
Northern Ireland,Residential care activities,0.0037073948778248524,0.008153840050819516,0.004066172450004838,0.0046982707928727415,0.009410571503235574
Northern Ireland,Social work activities,0.06949043062303226,0.008397747702612705,0.07456386676776663,0.017638090921488304,0.01953520969509734
Northern Ireland,"Creative, arts and entertainment activities",-0.04538945647004369,0.04686294295877312,-0.07164393006579245,0.03850161538105338,0.060650719778975334
Northern Ireland,"Libraries, archives, museums and other cultural activities",-0.06113930394159956,0.026461115981245793,-0.05813914285012472,0.009426799981182303,0.028090126679282887
Northern Ireland,Gambling and betting activities,-0.04138324840786197,0.00942038508829538,-0.04086010264641929,0.007232350650387816,0.011876470483352494
Northern Ireland,"Sports, amusement and recreation activities",-0.005729993900233273,0.01496937206125556,-0.006615343745197945,0.010916420965519527,0.018527016667686483
Northern Ireland,Activities of membership organisations,-0.03204033639067332,0.012384371238040261,-0.03086000489171256,0.00559632515739629,0.01359012532057396
Northern Ireland,"Repair of computers, personal and household goods",0.009114495410606558,0.014651474958979747,0.00868019239567855,0.012096075337898545,0.018999493599928603
Northern Ireland,Other personal service activities,0.030824964403317053,0.00606894898631198,0.030237172207396468,0.006099224317591323,0.008604224490025498
